X1,X2,X3,X4,X5,Y
13.233,38.32,55.618,91.466,106.03,1770.2
28.07,32.545,59.518,91.489,110.27,1928.1
28.24,34.104,57.003,85.282,109.09,1870
16.742,34.12,59.946,82.766,93.893,1625.6
17.225,21.305,53.57,94.055,103.48,1718.2
26.534,33.571,57.074,79.823,108.82,1806.1
24.17,29.683,53.924,80.855,117.25,1832.5
24.734,28.689,54.341,96.45,103.59,1834.8
23.131,25.068,47.022,84.715,113.4,1771.9
22.412,31.396,53.101,83.842,112.66,1801.7
26.081,20.274,55.39,80.37,112.76,1780
29.746,30.938,52.999,87.203,101.04,1805.3
23.759,35.392,50.316,81.541,106.52,1749.7
23.328,38.828,56.213,82.361,105.9,1783.5
16.868,30.802,53.507,92.371,109.91,1794.9
22.438,26.969,56.576,85.267,101.45,1713.6
18.362,36.961,43.913,80.666,106.2,1673
26.383,23.704,57.766,78.473,107.46,1747.1
6.819,37.549,49.039,76.775,110.11,1639.9
14.658,25.664,55.359,83.206,99.065,1607.6
29.24,31.601,47.141,70.869,107.29,1710.5
27.091,28.058,57.725,93.584,111.45,1917.5
23.161,33.243,60.104,89.142,116.62,1917.3
21.387,24.94,58.94,72.76,105.72,1649.7
25.895,31.137,65.926,83.509,118.86,1938.3
20.035,28.668,60.624,81.29,100.19,1675.2
37.213,40.343,59.543,86.591,102.14,1978.1
21.34,33.481,48.544,88.756,100.33,1712.7
22.794,31.985,65.554,87.305,111.39,1872.8
15.441,32.36,52.831,83.251,105.09,1680.2
27.045,38.231,57.146,98.68,106.55,1950.2
24.989,26.439,49.486,79.186,101.23,1661.4
19.371,25.201,51.502,84.258,110.78,1731.4
19.752,24.735,57.331,91.253,103.46,1745.6
27.242,29.684,59.583,91.941,113.43,1937.9
17.632,26.505,52.722,89.581,103.78,1707.6
19.396,36.037,54.142,82.085,117.6,1826.8
23.224,28.441,71.489,87.657,118.9,1953.8
19.689,31.059,51.614,87.119,106.27,1740.1
17.834,26.632,52.549,73.833,108.78,1635.3
26.355,33.859,55.84,81.681,113.21,1851.3
22.302,34.084,57.772,83.261,116.72,1860.4
19.291,34.254,52.955,90.019,101.61,1736.4
20.602,37.27,53.043,79.575,103.8,1701
17.708,35.532,60.3,87.204,115.99,1860.7
25.187,28.522,60.545,80.353,110.36,1802.9
20.702,31.255,60.463,83.819,101.96,1724.1
20.985,40.522,67.482,74.857,114.45,1831.6
24.817,40.389,57.617,77.039,112.53,1827.6
13.142,31.235,53.731,96.446,111.94,1821.5
26.814,34.04,52.914,80.403,109.16,1801.3
24.224,37.172,50.055,80.073,103.85,1726.7
20.518,36.398,54.958,79.684,114.88,1800
15.448,30.133,52.295,83.505,104.4,1665.4
15.416,31.265,62.342,77.384,123.94,1831.7
24.459,24.706,44.288,86.103,93.748,1615.3
21.277,30.811,57.591,85.074,106.19,1761.2
19.291,24.232,61.858,79.474,114.05,1761.6
25.254,40.783,56.248,81.218,103.64,1783.1
26.115,39.467,44.287,87.588,116.14,1892.4
17.627,30.455,55.606,76.749,108.1,1676.7
22.407,30.282,53.974,86.39,109.04,1788.7
27.991,24.8,60.516,86.021,109.21,1851.5
25.462,29.775,63.775,79.747,104.84,1772.3
26.081,28.376,62.984,87.722,107.28,1850
17.493,19.388,49.614,77.762,104.26,1583
23.147,16.275,47.946,85.408,115.68,1766
17.768,31.538,54.579,94.099,118.59,1895.5
17.527,27.991,53.353,73.047,107.85,1627.8
38.829,27.309,46.248,73.446,110.83,1876
31.535,36.755,57.178,83.139,101.7,1843.5
13.806,32.416,56.84,75.075,111.88,1684.2
23.232,28.468,58.888,92.13,118.25,1930.4
25.607,30.886,53.23,83.953,108.93,1801.3
28.594,22.199,43.942,77.568,109.71,1723.2
15.662,27.441,49.408,83.57,114.23,1728.8
25.313,30.905,64.06,88.513,103.05,1825.7
3.3199,29.392,52.274,85.668,99.645,1590.2
30.02,22.799,53.494,79.507,104.35,1750.3
29.952,34.031,57.726,84.233,110.88,1901.1
17.233,30.375,66.013,91.805,110.46,1847
27.903,30.279,57.061,85.929,110.7,1869.9
27.874,30.213,56.185,87.404,115.4,1916.7
18.716,37.581,51.055,96.759,104.67,1813
16.303,35.748,59.091,77.478,120.52,1813.5
22.401,39.98,54.207,90.16,106.63,1834.9
15.646,34.002,53.519,86.421,98.683,1659.5
10.82,29.526,51.47,75.604,105.44,1584.7
28.357,28.688,54.773,83.476,103.72,1782.1
13.192,23.262,52.268,87.559,112.66,1725.2
27.932,39.214,47.82,83.107,106.21,1808.5
23.804,36.418,44.233,85.43,117.75,1853.9
31.485,29.382,66.034,89.093,108.69,1953.5
28.826,32.668,46.94,82.968,113.01,1847
19.977,30.248,60.027,79.387,102.39,1683.2
23.133,36.625,55.011,80.221,114.67,1827.1
23.116,23.252,59.598,76.46,103.16,1667.4
20.536,19.901,58.401,80.585,123.63,1830.9
15.465,31.649,53.065,84.135,106.53,1697.3
6.8849,28.274,42.936,84.871,111.01,1646.5
13.403,43.823,52.518,80.431,109.28,1726.3
19.092,32.563,61.087,78.74,112.05,1766.9
26.817,36.194,52.535,87.364,103.82,1814.2
24.313,30.201,55.411,70.419,104.82,1659
22.163,31.662,55.273,80.172,109.69,1756.8
27.954,31.083,55.399,77.397,101.71,1727.2
26.132,22.159,57.361,90.326,107.87,1827.7
15.33,27.689,55.148,83.468,115.33,1759.6
15.754,35.416,62.682,92.632,112.42,1865.9
18.568,35.326,57.044,74.108,108.65,1693.9
23.756,30.043,58.935,77.684,106.39,1734.1
14.877,23.066,52.926,82.695,114.91,1720.3
24.76,33.21,58.47,89.273,104.19,1821.6
32.211,47.226,57.058,82.793,107.98,1944
22.204,24.184,61.259,81.888,114.21,1803.4
23.681,38.543,54.798,81.81,104.2,1761.6
22.643,35.308,55.924,85.593,123.2,1933.4
24.848,35.431,50.892,93.06,108.24,1863
19.001,30.142,57.736,84.244,99.761,1679
23.957,30.411,51.881,86.751,102.34,1741.3
15.963,31.89,61.841,82.027,104.64,1705.4
15.044,26.998,51.853,84.887,100.89,1629
26.937,30.887,50.187,86.927,109.58,1831.1
25.305,19.398,51.834,91.834,110.85,1822.1
16.041,31.869,60.743,82.985,104.23,1705
21.414,29.029,56.074,83.39,120.33,1857.4
26.784,31.623,50.383,73.404,99.856,1650.3
19.707,29.196,56.985,92.1,104.93,1780.1
28.945,30.688,67.47,90.292,109.52,1948.2
18.671,30.901,55.149,91.14,119.37,1887
33.011,29.602,59.13,84.35,111.34,1934.6
21.504,30.146,48.834,81.968,108.83,1724.6
18.153,30.315,50.493,93.983,113.47,1832.5
13.542,32.863,43.955,82.503,109.47,1666.5
23.959,24.911,59.818,85.717,111.8,1825.1
13.933,30.452,51.809,90.894,117.76,1823.8
21.541,31.062,46.796,88.573,110.67,1784.7
34.595,28.832,45.244,82.446,115.53,1919.4
11.357,39.126,52.78,82.725,100.33,1639
22.682,25.326,58.247,103,114.07,1954.8
23.4,33.75,55.465,83.688,109.31,1800.2
25.413,19.72,49.904,77.52,113.53,1733.9
18.378,24.142,63.302,76.622,114.07,1738.9
28.993,24.193,55.537,86.16,114.56,1887.5
23.613,38.864,58.648,85.283,113.03,1878.7
27.077,27.334,46.186,83.66,103.98,1730.8
20.802,33.613,57.106,84.147,117.74,1857.6
19.654,27.365,59.517,78.969,108.89,1719.5
21.255,32.602,53.934,81.683,111.58,1774
18.425,26.223,53.642,90.317,107.52,1753.5
33.612,29.168,48.18,83.321,111.69,1892.2
10.139,26.82,63.315,82.698,106.42,1679.9
24.823,34.058,60.095,85.275,109.61,1848.8
16.393,21.871,46.602,89.81,112.32,1730.4
22.291,33.407,48.699,87.111,110.53,1796.5
22.087,19.97,62.025,82.452,100.63,1677.3
22.499,27.435,49.385,76.766,116.7,1754.1
26.879,36.736,54.049,86.963,108.52,1860.2
26.457,35.292,57.375,83.595,108.96,1842.2
6.3634,22.34,47.47,87.007,112.5,1668.8
16.844,19.989,55.073,86.394,118.11,1784.7
7.4575,23.948,62.291,94.644,113.69,1804.8
20.259,38.424,53.038,77.815,104.05,1691.7
32.03,26.152,56.714,77.754,110.71,1843.8
22.111,29.643,49.787,89.225,108.04,1778.9
13.63,32.318,50.995,82.008,110.1,1695.1
26.671,37.968,64.896,77.161,106.68,1818.5
12.893,28.765,50.261,76.846,110.87,1642.6
22.429,27.344,49.778,82.532,101.65,1669
20.89,31.697,48.228,91.288,108.15,1785.8
27.61,35.919,52.772,78.349,116.08,1861
23.783,24.074,51.046,69.996,105.21,1612.2
15.95,43.074,50.741,89.853,114.41,1845.2
18.846,27.693,53.142,88.036,110.76,1771.4
15.038,35.276,60.051,78.723,103,1667
27.177,29.324,48.652,83.565,117.04,1860.3
22.001,33.453,56.515,77.072,106.69,1718.8
25.194,34.484,59.109,77.02,107.51,1771.5
17.894,30.584,47.243,76.464,117.54,1723.7
21.145,36.147,67.185,81.33,109.47,1820
32.198,20.053,56.939,81.806,114.61,1886.4
18.717,32.69,50.838,86.565,109.33,1757.5
22.184,44.098,62.097,84.018,112.8,1888.1
19.138,29.692,50.854,86.688,112.74,1779.1
22.084,30.271,53.604,83.683,119.08,1849.8
36.538,26.589,57.396,96.137,104.77,1998.1
27.761,33.873,55.27,90.223,101.99,1832.5
17.629,33.333,55.48,88.73,99.779,1705.1
15.267,22.13,44.795,85.422,116.99,1724
11.117,23.735,54.76,84.672,116.83,1740.9
32.536,29.64,51.148,83.318,112.92,1901.7
20.573,30.822,50.233,78.826,107.11,1686.9
23.652,32.149,49.841,88.72,103.04,1757.3
21.903,21.95,54.007,96.286,104.85,1789
21.331,35.668,53.271,80.931,117.48,1828.8
22.749,44.287,64.992,78.708,113.23,1870.4
30.383,32.978,53.835,81.019,102.99,1795.6
15.923,33.602,51.585,80.721,109.45,1701.6
18.235,31.083,63.639,83.533,115.41,1828.8
10.249,22.743,57.11,87.78,104.79,1662.9
27.495,26.818,53.28,87.361,109.63,1837.8
15.476,40.146,67.843,86.594,98.519,1740.3
27.127,35.085,53.022,75.93,105.47,1744.9
18.354,28.38,49.906,82.288,105.01,1665.6
8.634,22.66,46.104,91.124,111.12,1690.3
24.434,38.258,58.925,85.094,109.8,1856.7
17.951,33.408,53.688,79.35,101.14,1642.8
28.579,34.25,56.994,83.621,108.68,1858.9
26.764,33.688,48.139,86.939,120.84,1927.9
24.123,29.029,50.59,89.475,119.42,1898.2
18.196,35.467,51.695,80.42,111.69,1742.5
16.376,30.953,55.566,69.065,107.09,1604.3
26.476,30.619,55.118,93.418,112.62,1918.8
28.955,35.2,54.699,78.033,103.05,1768.5
30.063,28.655,51.807,86.852,110.52,1873.8
19.544,40.135,43.97,81.068,104.74,1685.6
24.487,42.09,64.765,82.691,107.33,1857.1
28.778,22.218,53.128,83.403,108.75,1797.5
13.736,25.806,59.632,81.545,106.78,1673.6
17.2,25.436,55.741,82.849,110.34,1718.8
26.115,43.471,44.87,78.241,125.52,1921.4
35.63,27.15,57.267,78.913,117.4,1966.6
24.33,34.434,55.631,87.299,111.52,1858.4
23.105,40.176,44.799,78.933,119.2,1828.5
21.385,31.969,48.73,98.327,117.03,1921
22.016,31.785,43.383,89.189,112.21,1795.7
18.927,33.553,59.036,71.904,110.43,1696.9
23.49,36.549,55.381,78.63,107.46,1758.6
23.363,28.384,57.137,90.025,120.74,1929.9
28.163,32.535,46.578,96.214,112.38,1929.5
36.585,48.942,47.56,91.901,117.64,2124.8
17.447,31.187,56.387,78.76,114.2,1748.4
15.882,26.197,55.181,90.001,111.93,1776.7
13.332,27.338,57.815,86.35,102.14,1665.8
30.316,25.635,51.94,84.041,128.11,1994.9
22.662,32.719,51.692,88.216,107.38,1790.8
26.741,30.215,49.153,78.798,116.98,1825.2
21.215,38.461,64.453,84.841,110.13,1850.1
25.186,29.817,51.471,86.787,97.218,1706.6
14.466,34.878,56.485,94.225,113.15,1848.5
22.775,39.224,52.041,86.068,113.54,1855.4
15.573,38.308,54.096,81.78,109.74,1738.2
28.17,35.959,57.437,84.362,103.35,1822.5
24.48,25.765,62.627,84.91,113.36,1852.5
26.047,27.989,58.315,84.509,104.87,1784.9
16.255,31.192,45.22,83.61,109.74,1692.5
26.104,30.134,53.564,83.242,114.65,1848.7
30.991,34.977,59.969,88.772,106.94,1927.1
24.941,36.169,59.006,91.081,114.97,1942.5
27.516,28.615,49.971,88.269,109.99,1841.4
25.753,37.013,55.759,86.335,103.62,1809.4
28.027,26.438,52.41,92.846,112.15,1900.9
13.253,39.521,55.38,83.362,114.1,1783
22.126,38.281,56.463,87.916,102.12,1779.8
22.586,25.497,52.165,83.46,102.86,1690.1
18.964,39.555,58.562,90.021,113.17,1875.8
19.268,33.719,65.313,73.584,108.69,1723.2
16.302,32.36,52.766,92.698,107.37,1774.8
25.836,30.604,52.191,87.314,107.41,1810.3
26.636,33.908,55.657,86.771,117.94,1931.9
18.514,23.401,51.901,79.333,112.23,1695.2
35.311,26.071,55.964,82.682,109.19,1910.2
27.395,37.052,61.389,82.056,115.41,1919.5
14.95,23.723,61.117,86.445,113.93,1775.9
23.378,26.654,49.704,80.828,119.22,1812.3
28.731,30.499,62.494,80.798,102.97,1798.8
16.778,35.003,51.194,84.592,112.42,1765.3
22.362,39.724,54.653,93.077,117.23,1947.1
25.505,40.531,66.625,76.385,113.51,1875.4
17.086,22.379,65.927,85.766,111.58,1779.4
32.631,35.376,58.384,83.685,117.39,1995.5
22.827,29.884,49.407,86.265,117.94,1847.6
15.562,34.183,54.018,77.896,116.22,1748.2
22.268,31.527,57.966,83.282,103.41,1737.5
16.965,36.355,54.764,89.182,111.82,1815.1
33.109,23.002,56.458,76.597,118.38,1902.1
24.358,26.257,58.412,84.578,102.84,1743.9
25.469,31.54,46.702,73.009,104.98,1661.5
26.695,25.58,60.506,81.159,115.83,1860.2
20.459,39.979,62.157,72.756,111.38,1761.6
25.131,26.029,54.768,91.051,107.8,1826.3
32.049,30.151,59.475,72.016,110.14,1823.7
24.336,25.652,54.36,90.963,108.95,1824.1
21.723,36.548,50.729,84.511,111.69,1802.4
24.497,31.737,56.157,81.563,109.15,1789.1
18.835,40.881,59.149,82.904,106.51,1773
22.062,43.607,53.355,87.373,107.82,1831.9
23.863,28.875,48.53,84.632,108.46,1757.4
25.164,39.481,54.749,76.319,99.406,1698.8
23.938,33.443,58.257,87.414,104.68,1803.7
20.661,27.789,53.617,73.648,117.7,1741.6
17.525,25.379,46.91,83.069,108.72,1672.9
26.627,21.623,61.148,78.469,110.15,1778.3
16.159,25.889,59.765,75.055,103.47,1613.4
34.77,31.269,42.972,90.643,107.79,1916.7
18.283,27.865,50.507,91.094,114.82,1814.2
21.066,36.724,54.676,78.869,115.93,1807.8
17.31,28.255,53.165,88.971,103.45,1706.6
10.257,32.514,52.368,88.443,116.12,1783.4
15.761,29.989,59.811,77.114,103.49,1642.3
26.096,38.324,55.751,88.115,110.93,1893.7
24.33,31.69,41.454,89.128,114.2,1826.6
27.967,35.774,56.569,77.034,98.577,1721.1
15.639,36.746,56.559,81.333,113.97,1775.3
12.196,29.869,52.83,82.578,99.502,1599.1
21.849,30.385,55.645,82.642,114.06,1805.9
22.328,26.989,54.031,93.514,114.16,1871.7
28.86,39.617,58.244,91.639,113.24,1986.4
9.7762,25.115,57.159,81.7,114.03,1704.3
26.531,30.513,46.648,94.72,116.16,1924.4
21.049,39.164,52.491,83.499,99.979,1706.5
17.069,25.927,51.513,78.845,106.02,1636.2
13.089,26.321,50.078,72.149,114.1,1626.2
18.034,31.65,56.234,76.497,108.16,1685.7
23.18,37.945,47.045,85.386,111.42,1810.8
28.505,33.465,53.575,88.116,108.44,1872.2
24.27,23.21,51.937,87.773,117.03,1849.4
23.415,29.124,54.311,86.62,109.12,1797.6
23.907,27.155,53.295,81.793,116.73,1819.9
27.161,28.981,47.093,87.184,107.03,1793.9
20.408,35.266,54.65,84.547,112.56,1809.4
27.859,35.877,54.223,93.852,104.42,1884.7
19.417,33.763,56.192,79.927,106.36,1714.6
22.88,32.356,45.707,78.806,115.37,1765.8
17.059,35.748,57.697,88.221,109.78,1800.8
29.356,24.126,54.119,86.374,114.79,1889.5
24.886,23.12,53.89,81.743,100.55,1678.2
16.935,35.537,49.119,84.927,124.64,1866.8
18.286,21.747,57.573,72.572,113.24,1668.7
27.529,24.578,47.851,87.351,109.3,1804.5
26.793,30.511,44.82,76.484,109.05,1724.6
21.153,27.058,60.793,92.948,108.38,1835.1
15.62,25.418,54.034,92.521,112.9,1794.1
28.418,23.644,55.113,83.798,114.72,1860.7
26.128,37.517,51.542,94.505,111.65,1927.1
21.127,39.549,50.6,91.285,104.85,1800
25.956,32.675,49.781,74.769,112.03,1756.7
30.922,35.281,60.039,88.059,113.18,1975.6
23.21,24.247,54.814,70.789,110.12,1670.3
24.082,42.449,45.833,86.204,103.23,1768.7
14.949,38.332,58.03,86.72,105.84,1753.5
21.929,29.663,60.5,87.43,107.85,1805.9
23.546,28.5,55.945,79.728,113.28,1787.7
18.93,33.13,53.179,76.098,107.19,1674.8
36.122,27.34,58.828,76.425,106.64,1870.9
19.609,21.235,49.964,84.216,103.34,1647.9
26.351,30.238,56.088,81.234,119.46,1888.2
28.801,25.731,48.899,77.227,117.88,1826.7
23.283,27.395,52.359,86.67,110.73,1795.8
14.104,29.635,58.13,87.358,104.89,1711.3
15.768,26.49,53.429,83.269,108.21,1688.6
18.493,15.973,49.605,85.613,107.49,1662.7
19.358,27.816,59.032,78.796,105.19,1684
17.539,35.203,60.337,82.286,107.83,1752.4
31.412,30.245,64.361,90.282,112.61,1991.3
26.593,33.666,62.555,88.314,110.56,1906.9
21.675,27.728,54.147,83.806,111.94,1778.4
16.15,18.656,69.843,81.466,117.85,1795.9
24.566,31.552,61.162,86.054,109.29,1843.8
11.425,29.51,44.84,85.737,117.97,1742.2
27.547,36.05,50.934,82.723,102.89,1773.2
20.482,33.93,42.6,77.541,105.31,1642.4
14.414,35.089,57.012,75.491,119.4,1766
9.5018,17.836,52.865,85.54,108.4,1637.7
20.531,32.409,51.473,87.516,116.59,1842.8
28.789,41.122,50.073,88.817,117.04,1969.8
22.832,30.791,60.35,79.764,115.29,1825
40.62,22.999,59.154,80.557,109.63,1983.6
34.52,21.134,58.233,91.009,99.766,1869.7
21.83,26.318,58.146,89.949,114.06,1854
18.033,22.661,50.796,89.866,113.09,1769.3
30.4,29.967,50.125,81.046,105.29,1788.9
22.251,31.213,58.177,81.512,113.77,1812.3
22.639,30.729,50.198,87.543,121.41,1891.4
19.027,31.194,50.816,83.159,109.05,1726.4
17.833,26.273,59.123,86.589,119.03,1842.1
19.461,30.354,65.596,80.971,109.12,1771
20.802,42.162,58.361,89.202,110.79,1874.1
26.375,25.48,60.267,75.702,122.91,1875.3
24.832,29.145,60.53,72.14,99.865,1651.4
17.468,30.036,50.673,96.918,111,1827.7
16.763,34.825,49.421,82.017,109.85,1716.3
19.402,29.129,56.322,80.191,113.34,1758.3
19.586,37.563,57.01,74.999,108.54,1716.4
18.556,29.001,49.912,81.117,101.56,1631.5
33.433,35.429,56.941,84.707,113.15,1972.4
22.199,24.458,54.277,81.47,101.47,1664.4
22.988,21.88,56.64,86.363,111.94,1796.8
19.285,23.418,54.556,83.921,112.11,1745
27.71,35.702,60.105,84.805,115.25,1931.7
29.548,24.971,61.754,85.08,112.86,1900.1
22.908,34.213,48.052,85.379,102.67,1723.1
15.964,36.678,46.704,79.708,92.5,1542.1
25.039,31.097,54.855,85.455,111.71,1837.5
20.702,38.771,43.27,88.901,111.69,1804.3
27.681,26.013,55.922,74.503,104.49,1708.7
15.514,26.567,58.777,88.384,110,1761.9
10.202,35.694,51.378,78.222,108.46,1650.8
15.372,26.774,54.55,91.732,105.62,1732
13.128,19.128,40.726,85.179,100.75,1542.8
27.01,26.14,55.965,68.138,112.44,1722.4
27.412,26.465,44.927,88.127,106.49,1780.4
17.084,28.99,49.193,88.444,104.41,1696
21.94,26.506,53.585,88.326,112.39,1810.9
15.737,31.98,62.376,80.021,113.26,1765.2
11.553,41.869,58.148,90.52,119.62,1894.5
20.109,27.019,56.964,84.024,114.17,1793.9
16.352,22.484,41.146,87.086,112.93,1695.5
33.647,38.083,50.389,83.669,106.78,1897.2
16.977,27.016,49.229,84.731,92.949,1562.6
22.826,20.123,55.285,88.404,110.98,1789.8
26.914,28.514,53.463,91.711,108.16,1858.1
20.311,25.464,54.022,80.031,118.08,1781.5
23.211,30.561,45.966,87.659,115.61,1830.4
22.296,33.334,47.19,88.33,104.79,1750.3
30.693,40.22,54.525,79.699,109.61,1877.4
27.204,26.924,50.034,85.838,113.21,1840.9
22.478,20.029,43.02,81.618,107.25,1654.5
18.7,26.296,47.74,83.117,116.03,1751.4
22.812,30.67,48.59,79.114,96.394,1610.7
25.134,27.407,53.682,88.484,106.65,1798.6
14.881,34.648,53.098,84.401,110.34,1739.9
20.155,22.64,55.08,73.626,118.66,1731.1
28.003,24.498,49.34,86.58,113.36,1844.6
22.354,24.035,55.594,85.153,111.42,1781.6
24.79,30.87,44.313,84.472,106.18,1736.9
29.914,17.487,52.579,85.708,95.885,1698.1
19.132,32.355,50.314,85.609,109.67,1753.1
33.399,23.103,57.247,76.961,116.46,1896
15.828,33.657,48.886,89.836,108.46,1749.2
28.972,27.699,47.145,83.044,112.28,1824.5
15.265,12.48,55.3,88.514,113.45,1721.5
24.268,30.503,59.197,71.45,100.27,1643.9
14.41,22.073,54.946,88.012,99.83,1632.4
25.746,44.477,56.946,79.859,114.31,1886.6
25.674,34.784,69.715,94.315,100.97,1892.8
26.371,40.549,49.001,81.814,115.22,1868.1
25.002,38.721,64.486,81.737,111.78,1879.1
19.575,33.202,65.339,91.742,114.43,1906.8
17.257,28.298,52.248,90.801,110.08,1772.7
26.182,28.038,49.007,91.574,104.22,1795.5
24.552,31.651,61.006,82.453,117.81,1889.4
11.209,26.505,51.828,79.248,104.1,1591.7
22.657,35.304,60.774,73.455,112.47,1772
28.316,38.57,54.074,84.235,115.7,1925.2
30.28,18.779,60.905,89.66,112.03,1908.4
17.885,46.458,52.862,92.541,122.83,1972.3
20.598,42.042,65.01,83.11,116.66,1903.9
13.469,36.345,53.714,79.152,107.34,1676.3
28.369,28.42,49.976,81.646,114.17,1837.4
15.089,32.9,54.068,82.231,98.824,1624.1
21.305,27.204,45.065,84.27,95.639,1600.6
26.437,31.239,48.158,88.724,105.85,1800.2
18.905,31.996,48.033,77.728,103.34,1628.6
28.62,26.811,59.005,86.246,104.04,1818.3
25.936,28.756,57.33,87.709,109.89,1849.1
17.963,40.048,53.73,82.638,105.99,1734.6
19.47,31.364,44.7,75.335,109.27,1650
18.191,32.628,40.715,83.803,106.49,1667.5
21.645,31.794,52.973,86.269,107.96,1773.5
25.506,34.333,59.197,95.31,108.4,1917.2
31.869,31.085,54.864,89.425,104.83,1889.5
13.378,30.411,48.503,82.108,100.15,1592
15.761,32.786,47.67,86.538,104.84,1685.2
24.495,27.674,50.824,80.165,110.72,1754.7
21.667,27.726,49.142,82.553,114.96,1774.5
22.316,34.56,53.818,88.243,108.63,1814.2
25.034,28.687,63.136,82.805,110.32,1830.2
17.155,33.982,57.947,89.014,106.34,1772.2
23.565,30.344,51.683,79.698,115.7,1798.2
13.239,24.979,57.022,86.769,116.39,1777.4
33.736,32.634,55.431,82.827,109.28,1912.7
17.997,33.387,51.469,81.455,112.42,1745.8
19.042,35.909,42.985,75.242,105.24,1622.2
24.358,27.697,46.037,73.102,109.85,1674.4
14.076,34.153,60.639,82.02,116.65,1799.9
30.898,26.168,53.993,78.092,109,1805.9
21.594,21.643,45.862,96.658,113.36,1827.3
14.088,34.199,56.091,79.467,105.6,1668.6
25.448,24.964,59.529,94.001,108.05,1868.7
26.07,31.497,51.136,91.431,110.17,1866
27.139,30.165,53.75,81.697,107.29,1786.9
15.452,19.678,51.803,83.189,105.08,1626
24.665,35.312,45.697,81.221,120.14,1853.6
17.689,28.558,54.794,76.824,104.81,1639
21.855,28.19,55.821,81.673,109.44,1751.6
11.206,36.063,43.54,85.686,105.78,1657.2
20.737,37.401,56.318,82.878,99.824,1706.5
14.028,25.722,58.539,76.34,107.88,1641.4
30.996,34.338,55.009,85.564,103.64,1852.7
26.608,28.641,51.525,78.762,105.07,1725.3
26.397,33.322,58.566,80.468,109.9,1823.6
16.584,32.047,47.764,85.167,106.56,1692.8
15.607,19.087,65.781,81.236,109.68,1706.2
28.549,36.146,59.911,84.478,113.35,1923.9
24.653,31.369,54.352,80.647,123.41,1896.8
25.233,28.774,50.364,85.86,102.61,1737.7
24.21,20.318,47.455,81.876,118.09,1784.8
21.179,32.475,50.267,87.459,118.36,1858.5
29.325,33.144,55.716,83.339,115.15,1911.5
19.249,20.341,51.876,89.583,114.3,1782.3
18.52,33.324,59.53,85.684,104.68,1747.5
17.138,30.37,52.852,92.171,121.97,1893.9
20.527,27.618,48.672,85.377,109.62,1737.4
16.862,22.797,52.005,72.965,112.74,1638.4
24.645,30.966,56.264,87.495,98.544,1741.4
19.135,22.377,61.804,82.509,105.18,1699.6
24.547,33.608,59.062,88.06,113.3,1892.1
19.428,29.219,46.638,83.844,108.31,1703.7
27.943,28.77,48.912,77.736,114.69,1804.9
22.252,37.235,55.03,87.186,113.19,1860
13.477,31.928,55.943,85.57,109.29,1732.2
21.219,22.69,53.123,82.99,116.72,1785.2
18.942,26.917,50.378,85.983,102.64,1673.5
32.867,27.795,57.353,93.845,108.22,1961.8
26.393,34.242,56.318,82.729,114.26,1871.9
24.813,18.65,51.159,96.12,112.62,1858
17.106,27.25,58.436,82.404,112.5,1751.2
24.36,31.405,49.623,83.478,116.06,1833
25.379,31.905,63.093,94.701,120.75,2023
11.84,38.047,58.798,79.625,103.42,1665
17.403,30.482,56.45,88.407,119.47,1861.7
16.571,35.207,62.675,85.863,106.28,1768.3
24.31,34.141,51.514,82.675,117.88,1860.4
18.865,28.072,49.394,79.261,112.09,1704.3
20.897,31.899,61.349,94.78,115.87,1931.5
25.227,40.47,58.03,96.042,109.54,1948.7
24.721,35.322,53.296,80.441,115.55,1840.1
24.221,29.328,50.184,85.54,100.68,1709.8
21.823,22.412,42.832,89.926,111.67,1755.9
15.058,33.969,53.518,84.504,114.1,1772.9
17.269,31.645,55.798,79.278,108.01,1697.5
27.438,30.107,53.188,89.948,110.74,1878.2
17.244,31.522,61.801,82.44,107.9,1743.5
19.557,35.345,44.554,90.905,115.31,1832.1
22.493,29.742,54.362,79.281,121.5,1842.8
18.701,31.04,53.903,79.372,110.26,1718.1
17.323,33.047,65.189,79.252,99.758,1670.9
16.174,24.707,51.589,84.681,113.84,1735.2
17.242,35.462,47.008,86.302,98.196,1644.8
19.304,31.001,47.96,78.423,99.144,1596.9
18.911,21.926,50.92,80.683,115.49,1726.4
33.558,29.092,57.171,77.598,100.67,1791.4
24.373,15.959,57.033,85.179,112.96,1788.9
22.587,22.288,57.328,78.891,100.56,1645.1
23.02,27.973,50.628,77.549,109.46,1710.3
11.581,26.691,49.544,83.084,112.11,1681.5
25.576,27.674,52.29,88.633,114.37,1865.6
19.186,24.217,47.872,86.995,109.46,1720.3
26.238,34.504,53.076,89.21,107.95,1852.2
22.456,28.533,51.879,82.963,114.2,1792.6
23.796,27.981,62.798,85.986,107.51,1812.9
19.483,41.991,57.193,80.247,120.72,1876.2
23.132,30.125,54.511,88.113,115.61,1866
23.633,38.059,55.505,81.983,103.91,1760.9
19.81,28.949,56.396,85.616,114.75,1813.4
20.892,32.941,55.27,85.483,113.87,1825.2
24.736,40.6,52.451,83.982,97.834,1732.5
18.175,42.206,58.943,94.338,106.12,1853.3
17.612,28.971,68.703,94.228,107.14,1844.8
17.189,35.639,52.532,80.954,108.84,1718.7
22.387,24.23,47.558,77.204,105.15,1637.9
17.465,32.031,48.303,83.243,109.85,1715
18.678,30.171,49.943,79.399,113.59,1727.1
22.508,26.054,53.96,80.23,105.26,1695.4
27.708,37.834,54.04,76.959,115.76,1861.8
26.551,16.206,60.566,80.541,113.48,1797.6
29.467,29.089,53.927,78.225,103.7,1754.8
21.257,28.407,53.989,78.561,103.25,1663.8
15.324,35.353,55.923,80.675,116.89,1785.2
26.169,32.003,56.134,89.497,113.31,1901.8
23.056,28.669,51.809,73.514,107.71,1673.4
25.43,29.196,53.001,84.853,105.6,1770.2
22.926,23.673,56.131,83.015,107.88,1741.8
22.474,33.547,51.048,83.482,111.53,1790
29.054,26.743,54.175,84.593,118.64,1915.9
25.245,25.636,50.671,87.449,115.31,1846.8
22.895,33.43,50.88,82.734,110.4,1777.8
19.195,29.114,41.162,90.9,119.07,1823.1
18.168,36.433,58.525,74.798,102.41,1653.1
26.823,37.158,62.971,77.238,116.09,1890.1
27.174,29.617,54.704,79.775,103.22,1740.2
24.975,35.21,56.087,85.363,107.92,1824.9
15.485,30.815,56.123,83.154,108.2,1713.6
14.736,24.364,59.166,78.593,116.84,1735.9
23.131,38.465,42.201,83.523,104.39,1719.1
26.522,40.217,58.523,82.792,105.4,1830.5
10.56,41.51,61.109,82.576,110.99,1768.3
16.347,26.724,56.015,90.989,111.38,1787.8
31.291,33.365,48.981,78.797,112.93,1857.5
14.096,32.318,49.804,94.427,110.16,1785.2
23.575,20.407,49.811,79.222,114.07,1734.5
28.587,30.083,56.061,83.453,109.7,1846.4
18.667,25.281,56.127,86.996,113.97,1792.3
23.84,36.041,51.507,82.055,109.65,1788.3
21.959,31.287,46.883,80.403,109.63,1720.6
15.813,22.929,53.831,86.358,113.6,1745.3
13.62,29.321,53.341,78.335,111.86,1680.7
31.038,31.462,59.609,92.105,107.1,1938.4
32.813,25.877,54.538,77.493,105.83,1801
21.47,33.786,63.34,81.019,118.18,1870.1
18.612,27.498,58.016,92.578,111.34,1827
14.633,31.863,62.896,85.745,116.55,1830.1
22.423,23.585,58.661,83.752,101.05,1694.1
29.728,33.109,55.518,87.142,118.83,1975
29.056,30.841,51.08,77.54,113.86,1826.6
27.846,35.911,51.83,79.817,110.07,1819.5
24.599,35.372,64.746,90.216,103.82,1857.6
15.845,32.917,59.577,77.03,102.72,1646.2
14.552,21.773,53.857,84.815,106.43,1660.4
13.578,33.205,54.903,77.204,102.71,1615.6
11.722,36.809,60.651,84.155,113.09,1783
21.969,31.204,54.427,89.769,107.8,1804.5
18.997,32.958,51.891,84.7,114.61,1796.3
22.094,32.822,60.502,90.414,97.649,1754.8
21.597,31.403,49.948,80.978,102.99,1677.8
13.36,29.201,46.708,92.379,106.16,1707
14.558,35.506,43.648,80.078,108.79,1657.8
28.981,34.294,55.601,86.548,114.17,1926.7
25.36,36.044,56.864,80.593,101.94,1749.2
5.7436,29.268,59.711,79.688,108.13,1652.6
27.337,30.851,41.268,76.125,110.96,1731.3
13.204,33.38,50.898,88.502,100.65,1663.8
22.544,29.368,53.855,84.384,111.55,1792.6
15.814,25.375,49.329,81.324,118.12,1738
26.998,34.858,54.236,85.045,105.99,1819.2
26.289,40.505,56.937,87.008,103.01,1833.5
26.263,26.197,55.095,85.107,112.47,1836.4
24.825,31.321,54.938,92.555,102.67,1811.8
23.071,29.662,47.762,79.226,125.26,1852.8
14.392,34.375,53.95,90.555,120.84,1874.3
24.773,30.93,58.23,95.831,110.1,1910.7
22.481,25.112,56.254,77.642,117.39,1785.1
22.094,28.609,58.645,70.869,104.35,1643.6
24.885,27.979,62.544,82.421,111.78,1833
23.586,30.701,63.97,82.373,102.34,1755.5
16.643,29.198,57.576,79.459,108.83,1699
20.156,25.872,62.182,85.899,103.75,1736
21.629,34.908,48.494,91.726,110.3,1827.6
18.403,21.519,54.305,65.014,106.08,1538.6
16.025,37.926,63.64,74.748,107.02,1703.3
13.314,32.51,50.037,76.021,117.03,1705
17.186,26.684,54.289,90.679,111.94,1789.1
19.326,32.316,48.015,88.617,101.85,1700.8
23.62,25.351,61.23,90.865,107.17,1827.7
22.546,19.801,55.294,82.39,99.552,1644
21.549,31.018,48.368,76.305,114.29,1731.3
28.698,29.622,57.888,91.757,113.1,1943.6
22.558,22.851,53.242,88.302,110.04,1780.8
24.47,30.55,56.74,86.606,107.47,1809.5
22.436,29.434,55.945,96.122,105.08,1831.8
24.134,28.897,56.842,88.688,109.19,1830
29.425,30.555,53.151,86.733,111.55,1886.6
37.691,37.364,61.836,76.656,107.7,1957.3
15.155,47.005,42.599,81.683,117.44,1787.8
12.862,27.122,59.05,85.965,116.07,1783.3
27.539,35.642,56.013,86.431,105.34,1840.4
16.054,22.535,56.532,84.074,111.66,1722.9
32.892,39.747,57.468,82.135,101.78,1867.9
27.069,40.769,50.481,85.461,115.42,1911.4
23.381,34.533,48.055,93.164,105.09,1807.1
12.66,21.16,64.063,74.616,116.02,1695.1
27.518,28.195,48.741,94.512,115.92,1931.5
20.483,33.296,49.726,83.565,109.69,1750.8
19.235,29.212,55.875,84.749,109.14,1753.3
16.536,30.109,54.694,85.589,113.39,1774.3
27.057,30.941,51.87,83.184,105.82,1779.8
22.225,27.052,51.365,91.78,109.86,1810.7
22.669,28.717,64.283,89.545,102.67,1795.9
14.965,33.515,54.106,94.247,99.469,1720.1
26.528,28.661,54.905,82.952,102.76,1749.5
14.818,23.726,55.919,78.87,103.75,1611.2
20.828,18.846,47.661,80.224,101.43,1593.8
29.608,36.147,47.934,93.089,110.7,1929.2
19.753,30.873,49.904,87.508,110.78,1774.2
25.592,36.32,49.058,87.518,97.421,1733.7
20.018,30.147,46.431,81.035,106.87,1678.4
16.879,37.957,55.641,84.34,115.71,1821.8
26.441,25.035,47.949,75.382,95.998,1592.6
25.709,18.188,59.403,97.311,112.82,1909.6
26.463,30.915,56.756,88.72,109.82,1867.9
16.842,18.242,58.965,81.994,107.63,1671.7
19.369,38.217,48.613,82.374,102.97,1690.1
21.301,33.183,54.792,90.972,107.59,1814.7
23.371,33.542,51.194,82.043,112.81,1799.5
23.446,31.003,54.687,83.978,120.53,1884.6
20.812,33.876,61.718,80.421,101.97,1715.4
23.163,32.227,52.556,80.062,106.54,1729.8
25.595,35.64,56.452,81.506,114.57,1862.9
20.798,32.382,55.739,85.608,102.52,1728.2
21.146,35.74,53.839,83.846,107.85,1769.1
21.266,37.49,49.334,85.353,98.817,1692.9
31.476,25.495,52.312,90.748,114.08,1940.8
22.591,30.759,53.39,91.322,111.58,1848.1
15.721,32.097,55.266,84.161,108.96,1730.6
22.069,30.591,56.448,86.058,109.59,1799.1
20.826,26.844,56.407,81.595,101.95,1675
16.989,34.72,54.713,100.77,108.75,1868.2
17.775,33.257,54.142,87.455,117.28,1840.3
26.24,27.913,48.906,81.868,103.01,1713.2
26.015,36.167,50.902,87.025,107.92,1831
25.995,28.467,49.101,84.184,113.77,1822.3
26.406,28.025,61.785,85.742,108.07,1839.4
26.896,28.329,44.208,76.852,110.46,1729.5
22.937,42.521,52.271,80.8,105.68,1764.8
17.051,27.884,57.744,82.828,103.65,1678.2
27.217,43.417,56.563,85.301,116.29,1954.3
12.771,29.362,48.562,82.846,112.46,1695.3
15.272,29.79,53.645,78.742,103.67,1626.9
21.904,28.816,53.901,77.377,110.38,1722.9
23.049,38.533,50.187,72.698,100.23,1635.6
25.478,31.684,55.082,86.018,111.58,1848.5
26.387,27.513,51.79,77.281,114.06,1785.3
25.201,41.225,49.591,86.178,112.98,1873.6
23.493,23.408,54.432,91.62,106.43,1790.5
23.45,30.643,60.773,78.858,106.34,1749.1
8.8114,31.8,63.135,89.491,109.73,1771.8
21.168,27.534,56.853,91.598,110.18,1826.5
20.992,32.409,50.804,79.166,119.02,1803.1
28.697,41.003,57.258,88.567,116.51,1991
29.729,30.423,63.572,91.505,106.89,1927.6
26.146,29.471,58.538,72.998,116.64,1808
18.475,29.46,43.904,93.343,101.71,1699.9
26.685,23.486,52.32,80.806,108.3,1751.9
16.959,30.603,50.911,81.175,104.59,1656.2
21.763,30.929,51.592,94.303,116.31,1896.1
17.451,28.373,57.771,81.632,99.884,1642.1
16.615,36.252,56.459,80.862,110.98,1750.6
32.118,33.876,57.694,83.69,115.6,1964.7
13.88,27.148,69.765,93.797,104.85,1794.7
29.274,27.989,52.315,83.011,114.3,1867.3
24.724,35.159,49.902,88.323,102.73,1774.6
27.198,35.664,53.518,85.001,119.68,1938.1
29.027,39.848,50.872,79.52,110.11,1843.3
22.097,32.651,50.131,79.127,115.7,1782.7
27.941,33.292,57.653,74.264,108.21,1777.2
23.853,32.152,58.575,88.705,108.55,1841.6
26.027,26.461,63.189,82.262,117.62,1890.6
12.492,32.764,55.14,89.448,105.73,1725.1
22.69,44.02,52.671,81.158,104.38,1761.4
23.466,31.299,51.687,82.387,112.19,1790.9
27.146,29.064,54.97,94.276,103.73,1850.2
12.102,34.718,46.429,87.491,105.96,1682.9
21.699,30.371,57.029,84.48,116.87,1847.6
15.17,31.427,54.976,84.982,103.52,1682.9
26.079,25.825,50.624,83.25,109.93,1779.4
26.182,34.347,61.931,84.883,111.77,1887.4
21.709,28.569,48.255,86.308,111.24,1770.6
14.007,33.948,50.568,81.777,107.54,1678.4
25.145,30.433,49.264,78.543,110.86,1755.1
16.707,26.389,50.9,78.809,110.15,1667.9
27.825,25.039,55.487,77.145,106.1,1738
36.725,29.833,73.928,89.015,109.48,2068.2
29.074,24.416,58.065,81.437,116.31,1879.7
19.829,34.7,52.093,80.499,102.42,1675.6
43.367,33.022,60.015,81.081,104.95,2038.5
17.913,31.554,70.02,82.309,100.56,1718.4
18.455,26.306,55.092,86.868,126.89,1899.7
18.809,33.752,46.129,78.471,112.48,1710.3
18.416,33.068,53.106,86.406,108.97,1761.6
16.766,32.209,52.846,89.798,101.9,1709.7
27.541,29.564,62.632,85.956,106.9,1853.3
18.821,26.982,57.549,79.233,115.13,1758.4
16.688,26.119,52.966,79.271,105.88,1642.1
18.715,28.252,49.806,90.458,105.65,1733.2
16.396,25.379,44.718,90.856,101.18,1649.2
24.34,26.076,64.977,80.73,104.78,1757.7
23.3,25.167,55.792,79.357,109.15,1733.7
22.839,27.813,55.06,76.901,109.29,1719.7
21.169,26.953,55.936,86.673,109.17,1775.6
28.988,35.869,52.162,87.874,104.68,1847.8
27.423,33.172,52.852,84.3,109.78,1838.7
21.692,21.686,49.785,79.574,110.12,1690.5
25.46,30.101,59.051,78.46,105.96,1754.4
8.7565,35.105,45.691,89.086,99.837,1626.4
28.504,30.957,53.744,82.777,107.72,1817.5
18.399,41.214,64.163,68.43,108.15,1698.3
22.745,29.393,47.843,81.102,113.23,1760.3
18.714,26.099,51.294,90.244,105.46,1727.7
19.089,32.091,60.101,90.257,101.07,1752.4
27.762,36.923,56.768,83.622,111.83,1885.6
30.941,30.263,53.776,75.885,115.15,1857.7
21.839,35.862,62.965,76.263,110.08,1775.8
24.902,34.817,56.588,82.804,101.3,1749.3
21.067,27.179,53.162,88.581,107.04,1760.3
21.756,37.102,60.09,88.21,114.46,1893.8
13.214,39.753,57.153,87.951,110.46,1793.7
26.022,21.766,61.127,81.013,109.32,1783.8
16.846,33.109,57.206,84.798,113.63,1794.6
17.475,25.895,50.51,85.094,100,1629.7
29.596,23.925,54.232,90.075,101.84,1809.1
8.6733,25.109,52.926,91.761,115.11,1766.4
27.471,19.332,53.466,82.384,112.29,1794.9
32.967,32.962,55.348,87.873,106.14,1913.5
22.544,25.999,56.519,84.572,103.96,1726.9
15.416,22.729,46.521,83.056,110.01,1657.3
13.769,34.52,51.632,95.72,113.29,1835.5
20.504,26.53,54.102,94.045,104.93,1779
17.271,23.768,45.635,79.208,118.69,1716.1
20.141,32.349,71.972,73.63,108.31,1749.1
33.048,32.512,57.806,83.491,107.47,1901.8
24.177,25.056,48.494,74.593,116.58,1740.5
29.682,34.544,57.223,86.162,108.62,1892.7
22.394,28.354,46.015,89.291,114.81,1819.5
18.995,30.394,54.923,81.354,113.3,1762.6
10.521,33.829,61.998,81.796,104.19,1677.9
18.576,27.949,58.658,80.923,116.55,1789.5
16.961,32.417,45.976,84.335,115.06,1756
16.235,33.76,56.166,83.76,109.97,1749.8
27.58,26.933,56.573,76.214,105.67,1736.5
18.183,28.538,50.389,88.765,109.78,1755.4
19.531,29.441,54.451,75.7,111.07,1700.5
23.075,31.266,52.356,83.448,101,1702.1
21.583,27.282,50.501,82.199,108.45,1719.4
23.75,25.041,56.363,88.262,108.74,1802.2
12.507,31.296,50.123,86.906,107.87,1698.6
13.966,25.509,50.345,79.608,111.84,1664.9
20.67,39.802,64.028,83.568,111.87,1854.4
23.551,26.922,54.32,86.76,97.642,1693.6
22.263,37.625,48.819,81.915,115.37,1816.1
25.431,15.932,61.043,86.363,109.49,1795.3
13.784,38.206,67.47,79.471,117.55,1830.6
15.974,25.713,52.359,77.335,112.7,1677
22.771,34.627,49.73,90.118,108.39,1814
15.104,23.652,57.506,79.397,113.22,1703.8
20.253,31.024,59.553,87.957,112.85,1839.1
31.727,25.898,53.326,77.865,109.51,1815.6
20.459,35.874,49.754,78.208,113.21,1751.2
10.918,40.466,55.697,80.746,114.17,1757.4
28.628,13.635,54.838,80.957,107.54,1740.8
27.304,26.257,63.451,85.068,105.48,1822.3
25.087,27.61,46.71,80.806,108.05,1725.8
24.491,20.109,60.441,97.351,110.6,1889.9
21.571,37.341,62.847,72.305,114.96,1791
16.281,22.8,56.998,79.727,110.28,1683.6
19.024,31.038,54.276,87.576,103.25,1723
26.361,32.107,46.355,89.437,113.2,1863.3
30.359,36.856,53.039,72.827,113.08,1832.7
15.83,31.797,50.957,87.268,108.57,1732.2
17.526,35.068,45.144,77.692,119.89,1759.2
24.555,24.044,56.099,87.674,109.67,1809
35.715,19.745,51.781,87.051,125.33,2044.4
31.61,34.243,48.338,83.294,111,1879.3
20.346,28.914,57.575,92.07,118.47,1901.9
21.881,32.252,48.569,76.204,106.35,1671.5
19.742,26.06,48.48,83.985,120.09,1803
29.699,29.708,45.572,86.739,100.38,1760.7
24.19,32.469,49.015,80.036,116.24,1809.1
22.253,33.581,56.865,82.517,106.28,1759.8
15.479,34.684,57.455,87.057,112.44,1799
26.767,37.188,49.649,92.301,114.55,1933.7
30.037,38.095,54.559,87.188,113.98,1953.5
22.784,25.784,50.628,81.353,113.34,1760.6
23.175,16.117,49.625,77.075,114.09,1697.4
16.027,38.195,56.094,88.291,98.621,1702.1
20.704,32.77,54.781,88.422,98.571,1712.1
19.443,41.558,56.29,69.833,95.915,1582
15.146,26.935,47.983,92.734,113.7,1780.9
20.983,31.59,58.421,69.82,105.94,1650.1
25.144,27.271,50.404,78.656,111.38,1752.6
23.797,34.02,52.124,84.846,105.58,1768.4
22.082,15.738,51.53,89.973,105.02,1711.2
28.428,37.273,58.961,86.559,113.6,1940.5
26.439,32.869,53.051,79.181,99.438,1701.2
21.355,27.14,50.779,79.629,118.42,1783.9
32.397,27.339,48.982,83.483,121.76,1958.6
21.929,25.658,54.018,92.057,110.84,1823.6
32.505,26.322,47.632,85.649,108.24,1851.4
19.076,28.45,57.478,79.462,110.15,1725.2
17.786,26.422,54.489,87.528,109.44,1748.7
25.577,39.86,59.824,86.599,122.69,1999.7
21.766,32.081,52.073,92.475,110.05,1835.7
20.127,31.927,47.801,84.157,115.26,1786.4
23.236,37.556,56.302,79.213,112.33,1809.6
28.586,26.834,57.7,92.895,108.37,1898.7
9.448,30.377,58.95,91.774,104,1719.6
15.552,26.172,50.994,82.646,102.13,1619.6
15.882,39.764,50.232,95.918,107.35,1814.3
30.21,39.913,48.044,88.334,114.68,1950.7
19.683,29.476,62.334,83.543,100.93,1705.3
16.418,30.149,51.355,81.21,111.91,1715.2
12.905,27.345,57.811,83.944,110.25,1714.8
30.454,31.071,66.639,89.527,113.41,1992.6
16.816,23.173,63.71,84.123,102.45,1681.6
18.824,39.423,53.157,90.534,106.12,1795.9
25.105,30.358,48.678,87.815,111.34,1824.6
28.748,25.697,57.476,88.77,105.68,1841.8
16.788,29.741,54.958,89.178,107.05,1748.1
22.357,26.147,57.936,92.277,112.29,1859.4
35.081,27.988,63.516,74.527,106.61,1862.7
17.588,25.059,48.307,70.996,113.5,1629.4
27.148,38.785,55.729,89.124,115.31,1952
24.678,21.974,60.007,89.095,105.66,1794.3
26.188,38.424,46.917,81.645,106.11,1770.4
23.832,32.963,51.36,87.843,104.76,1776.6
23.402,23.528,58.815,80.103,111.1,1762.7
25.415,36.816,64.23,85.412,108.46,1873.8
16.087,29.705,49.405,79.289,116.07,1724.6
11.369,15.323,60.582,80.753,112.91,1670.4
14.155,35.106,66.564,78.353,109.45,1739.6
23.914,25.783,60.608,82.233,111.35,1801.6
16.201,35.883,53.096,84.666,105.66,1715.4
24.17,33.835,58.401,87.262,104.46,1805.2
24.909,37.095,55.849,81.487,103.76,1766.5
25.366,32.22,49.471,86.394,105.76,1779.7
12.846,27.63,58.722,87.292,111.77,1757
12.982,35.925,52.271,87.585,106.68,1722.8
19.816,34.794,68.509,89.918,112.05,1894.1
23.185,31.568,54.913,81.508,99.23,1685.3
31.234,36.35,49.248,80.562,113.38,1886.4
20.873,32.279,51.794,91.499,123.52,1935
35.672,27.91,60.654,82.77,111.63,1963.2
26.641,31.323,49.927,87.781,112.87,1862.8
22.084,28.5,58.66,90.43,115.92,1886.3
26.115,32.087,73.124,86.673,112.01,1938.5
22.138,31.328,59.882,76.612,97.75,1645.8
24.796,28.996,56.316,81.467,115.83,1838.4
17.541,31.955,52.825,81.805,113.05,1750.2
19.555,20.639,49.967,89.665,103.86,1689.8
19.692,36.439,49.577,80.787,117.47,1801.6
24.032,26.266,44.209,80.574,117.67,1779.9
25.721,31.141,48.579,76.423,109.18,1731.2
22.782,22.956,61.35,89.829,120.34,1915.3
23.757,28.897,48.744,84.034,119.79,1849.4
25.08,38.781,58.152,88.606,108.54,1877.6
19.432,29.336,62.462,84.51,104.55,1741.3
20.364,28.982,53.296,85.33,109.46,1758.4
23.79,22.849,46.166,85.422,105.85,1707.1
20.214,28.943,54.7,79.901,116.89,1785.9
17.442,30.863,45.358,82.189,106.65,1663.3
21.619,30.832,53.782,90.105,119.3,1897.7
12.31,31.939,58.351,74.058,103.67,1602.7
22.39,36.52,51.979,79.353,112.97,1786.4
22.23,25.051,59.55,79.64,107.33,1724.9
30.054,36.28,51.861,83.412,102.65,1811.2
28.234,38.657,63.498,88.496,113.29,1973.7
19.754,21.131,48.775,84.262,110.37,1704.2
23.817,29.686,55.259,85.936,120.84,1902.5
16.841,17.348,48.065,89.498,117.69,1765.2
18.276,35.112,58.608,88.27,104.77,1768.7
23.344,32.339,57.026,93.207,112.23,1895.7
22.763,36.192,53.837,71.383,108.8,1701.8
22.937,33.409,56.594,80.65,105.5,1744.1
25.649,23.785,46.802,86.372,111.06,1784
19.191,29.318,53.624,87.136,115.2,1813.6
13.988,21.489,56.432,82.176,109.13,1669.8
21.891,35.918,41.195,83.458,116.64,1797.3
24.956,41.731,62.254,75.66,106.23,1789.1
21.596,30.113,50.573,72.857,104.29,1626.4
27.588,34.173,49.487,81.242,115.83,1859.8
28.313,39.396,53.76,77.361,117.44,1891.1
19.845,26.157,52.847,81.748,106.88,1692.7
32.978,23.669,48.325,82.335,96.999,1730
19.717,28.433,48.652,89.078,112.05,1781.7
25.717,34.992,45.871,88.471,103.39,1774.8
24.121,49.234,60.953,82.309,106.82,1858.7
21.696,37.45,54.094,97.827,97.435,1796.2
19.81,24.211,44.444,77.815,106.57,1619
21.263,36.714,59.536,82.213,116.41,1858
25.413,31.971,57.938,82.329,111.85,1835.5
20.89,34.779,48.359,88.959,107.79,1778.2
27.803,34.067,60.501,85.367,117.42,1950.6
13.365,26.392,56.592,81.114,107.4,1663.5
20.441,26.387,47.51,81.315,111.01,1709
22.356,35.286,46.841,75.638,101.13,1632.1
28.775,23.418,51.32,85.752,108.32,1808.6
31.188,26.512,56.455,81.443,118.27,1924.8
16.416,31.914,57.684,91.336,109.63,1803
15.252,27.171,53.186,86.571,111.4,1738.4
21.947,27.751,54.966,87.756,111.1,1806.3
29.464,32.979,61.991,80.874,116.9,1934.7
28.93,35.402,57.104,75.722,111.66,1835.1
20.949,35.413,51.357,90.771,103.46,1769.7
24.444,31.763,55.195,84.957,116.33,1871
23.717,34.021,43.724,84.092,118.51,1838.3
17.187,37.24,53.557,76.338,105.07,1662.9
23.005,30.818,60.461,79.438,112.18,1798.3
23.371,32.714,64.867,83.008,107.07,1809.9
24.281,27.699,57.552,90.196,100.62,1767.8
26.84,39.146,53.782,93.48,105.12,1887.3
10.221,32.798,56.133,74.44,122.1,1747.2
23.902,30.788,52.087,82.11,112.46,1795.1
24.958,44.388,54.023,84.855,103.67,1812.3
33.801,23.417,52.813,82.518,104.86,1827.1
23.923,31.2,63.255,79.388,104.14,1751.2
32.08,34.839,56.321,77.065,108.25,1850.8
20.592,32.164,55.686,81.428,108.64,1746.7
27.444,24.81,51.223,89.426,109.09,1831.6
20.09,17.674,47.484,78.591,104.87,1599.4
24.882,31.885,49.352,86.837,112.92,1837.2
11.558,16.504,48.033,81.434,112.73,1628.6
32.48,28.93,53.295,86.977,116.62,1965.4
24.854,24.323,61.446,89.484,114.45,1888.9
18.821,34.784,48.359,80.771,105.94,1684.7
14.232,26.9,47.235,80.387,120.33,1737.5
19.99,25.483,58.478,82.692,102.88,1686.9
19.741,33.99,51.786,89.392,117.37,1864.1
15.179,25.397,45.719,81.608,105.8,1616.4
29.868,29.436,62.795,90.647,118.26,2012.9
18.554,30.343,52.543,88.613,109.02,1766.4
19.733,30.465,49.505,87.622,112.38,1785.3
27.448,29.902,49.734,97.274,116.95,1970.5
24.137,39.662,63.222,87.828,111.03,1907.3
23.031,33.594,55.422,93.972,119.12,1955.5
30.884,35.917,50.712,85.449,107.82,1874.8
22.701,26.221,60.136,86.931,111.18,1822.9
13.56,23.653,53.61,82.836,119.16,1754.8
23.767,42.683,57.299,80.783,116.68,1887.6
22.691,31.706,60.381,82.287,114.95,1843.1
18.27,32.754,55.901,77.464,115.43,1759.5
22.031,26.632,53.825,86.983,122.85,1892.5
16.105,36.275,52.092,75.102,109.6,1675.2
30.395,33.858,57.091,82.193,117.6,1945.6
15.55,32.17,56.598,94.243,106.83,1791.5
20.738,30.49,48.316,81.969,106.35,1696
9.903,29.847,55.141,90.766,110.13,1748.8
16.713,29.068,54.073,81.315,109.35,1702.9
16.611,40.891,49.012,76.608,107.75,1679.5
22.9,28.968,54.095,84.814,94.447,1652.7
16.548,24.695,58.89,91.368,114.76,1824.6
18.704,25.581,60.533,81.94,113.04,1766.4
18.501,27.264,45.203,83.738,108.01,1679.6
18.591,34.158,47.026,84.199,112.88,1759.5
20.244,24.898,51.16,80.944,105.38,1665.6
18.441,38.923,54.602,80.402,112.35,1775.2
29.109,30.389,58.994,85.913,101.19,1811.3
25.426,31.988,50.972,87.547,106.73,1802.4
28.216,40.169,55.077,88.324,114.68,1955.8
20.213,34.5,55.217,79.601,110.64,1754.2
20.148,31.649,51.782,89.523,102.59,1733.3
24.451,29.802,54.056,88.085,114.96,1870.3
17.125,32.074,61.667,75.702,118.68,1786.5
26.472,25.573,51.062,90.542,113.78,1871.2
18.036,35.213,56.974,73.24,112.44,1715.1
14.725,34.123,50.887,86.206,114.16,1773.8
24.328,29.116,65.904,89.135,104.11,1829.6
16.29,31.101,59.096,90.274,113.48,1829.7
25.892,33.43,57.952,81.106,109.6,1818.2
17.122,26.794,57.867,77.507,111.09,1699
31.209,32.798,53.067,78.72,108.43,1831.9
31.861,33.947,53.581,86.441,120.82,2009.7
26.762,23.214,48.555,79.923,110.29,1746.9
18.608,32.179,60.363,78.256,115.59,1785.2
24,25.281,57.707,84.246,120.19,1879
13.346,34.252,58.201,87.525,105.59,1732.6
27.575,26.943,49.999,77.747,111.65,1772.1
20.242,39.838,65.112,81.498,104.78,1779.4
26.251,30.097,45,93.802,107.69,1834
21.054,26.353,51.649,85.244,111.38,1763.1
16.309,33.894,42.953,78.07,107.98,1638.3
23.943,35.005,52.793,83.527,108.88,1794.8
18.168,34.686,54.625,87.674,105.92,1755.5
20.086,32.873,59.216,83.923,102.82,1728.2
24.781,31.433,53.141,74.378,111.29,1743.8
26.416,35.157,56.733,84.179,105.72,1815.3
29.456,26.031,50.019,90.895,110.28,1876.5
20.392,29.082,52.233,81.405,112.71,1753.4
17.227,35.22,48.752,86.453,115.3,1797.7
21.413,33.623,48.205,80.166,111.3,1742.6
22.357,33.134,50.877,73.574,110.38,1703.7
14.37,31.947,48.434,88.174,109.09,1724.5
16.294,26.802,66.893,87.035,110.25,1793.1
17.115,39.568,55.847,88.24,104.72,1765.7
17.568,31.167,62.944,85.056,113.64,1817.5
14.559,28.978,64.217,87.703,111.94,1798.9
22.747,28.47,63.549,82.693,102.37,1739.6
21.36,34.275,48.642,92.189,105.45,1785.4
21.082,23.771,59.951,85.221,109.17,1768
19.59,31.022,54.111,87.015,106.48,1750.2
29.028,31.686,54.244,92.409,105.85,1883.9
27.277,32.584,49.605,86.412,120.51,1928.6
23.247,31.843,46.47,93.565,111.76,1848.7
18.311,23.749,55.365,90.436,106.99,1746.4
14.766,27.312,63.334,73.099,112.73,1688.9
19.291,29.071,58.822,82.525,107.5,1734.8
22.74,36.993,49.674,80.846,110.74,1774.3
9.4354,36.972,51.217,92.77,111.24,1783.1
21.955,32.942,50.073,74.661,107.36,1678.2
23.47,30.971,51.811,79.499,100.38,1668.2
18.554,28.247,53.451,90.575,108.2,1769.4
16.391,33.463,58.341,83.877,103.88,1707.5
27.75,29.811,51.526,78.227,101.6,1709.3
20.369,37.393,51.936,102.17,120.25,2002.2
30.082,30.926,52.108,75.594,118.13,1865.8
19.279,43.151,53.188,80.185,117.34,1833.5
27.357,36.032,55.764,83.466,101.5,1784.2
23.605,24.969,60.52,85.234,114.1,1840.7
24.241,32.095,55.171,81.918,108.61,1781.9
11.404,35.407,58.017,83.881,111.8,1752.3
22.633,33.93,67.825,86.112,111.84,1883.1
22.277,42.604,58.129,88.97,102,1811.5
20.363,42.958,51.45,80.457,113.13,1800.8
27.44,32.475,53.613,80.417,118.72,1886.8
9.6229,23.876,64.865,89.562,107.41,1731.6
26.563,39.797,48.754,78.295,110.9,1803.5
26.693,30.622,54.421,87.615,104.5,1806.3
19.262,22.746,45.687,84.019,105.4,1649.7
17.018,19.335,48.301,77.217,109.93,1618.3
26.298,28.805,59.966,87.406,107.36,1840.1
25.064,39.733,61.902,86.743,100.36,1812.9
16.605,30.342,45.501,84.08,104.6,1652.3
24.349,32.971,52.891,83.503,112.52,1822.2
17.916,33.775,49.288,81.246,108.63,1704
21.035,23.348,43.142,81.72,119.58,1760.7
26.651,30.511,55.673,78.064,104.95,1743.8
19.486,34.56,55.217,99.313,116.55,1944.3
23.292,31.177,47.145,70.43,97.369,1555.7
27.578,26.953,44.57,78.383,108.2,1725.4
26.356,38.828,58.052,88.188,107.73,1881.1
22.782,36.382,59.054,84.783,108.48,1820.1
15.192,38.454,51.345,80.041,112.66,1737.3
16.656,28.589,50.813,81.783,109.66,1693.6
27.573,35.662,54.63,92.32,113.36,1947.1
21.724,30.537,56.086,85.855,116.1,1848.2
28.492,27.703,56.595,84.374,116.05,1899
20.258,41.67,55.977,84.05,114.51,1851.5
18.867,22.157,56.125,88.464,113.43,1787.9
20.005,30.963,49.123,87.957,119.54,1851.6
21.678,27.175,60.888,78.03,108.01,1727.4
22.785,24.833,60.983,86.204,103.09,1747.4
19.614,27.245,54.155,80.763,105.21,1678.9
14.124,29.996,55.533,77.442,108.91,1663.4
19.067,40.178,56.033,94.423,107.71,1854.7
29.243,36.211,56.115,75.145,103.63,1765.3
22.816,38.625,59.183,87.65,113.27,1891.7
21.856,24.467,57.335,77.55,105.56,1679.6
21.011,20.689,50.707,83.693,104.6,1667.6
16.014,33.628,61.027,86.352,112.08,1804.6
15.73,27.384,54.899,79.144,114.22,1718.5
16.362,29.796,58.027,82.611,105.43,1695.6
20.213,29.069,59.778,84.83,105.01,1742.1
17.564,29.23,50.684,83.95,110.53,1725.5
31.784,27.815,55.099,84.482,98.615,1787.1
14.688,42.353,58.341,89.057,110.6,1826.6
10.993,32.312,52.16,84.878,115.07,1749.7
28.121,29.788,50.985,82.433,112.83,1838.3
19.716,21.406,53.266,77.617,114.81,1711.9
18.702,33.973,50.258,87.402,108.91,1762.6
28.602,31.188,55.971,83.57,108.95,1845
22.681,28.795,50.196,85.848,113.91,1807.8
16.017,28.479,61.867,85.009,118.85,1835.7
21.522,22.449,55.45,86.468,111.48,1777.4
18.134,26.03,53.782,82.705,120.13,1802.5
10.222,32.678,57.096,86.4,105.91,1700.9
13.666,37.793,50.214,87.067,107.95,1732.6
20.316,25.846,54.415,78.185,107.93,1684.4
12.317,27.24,53.394,86.15,109.52,1703.5
24.662,35.031,64.348,85.969,101.8,1806.7
24.847,26.642,53.258,89.693,116.04,1879.8
22.032,33.29,54.184,81.067,99.047,1673.4
25.702,30.283,61.824,85.12,105.2,1811.6
10.513,25.469,60.944,86.911,103.75,1675
21.276,34.164,59.576,86.397,107.28,1801.3
20.361,19.792,53.691,76.819,106.3,1634.3
20.057,35.434,49.444,84.466,107.98,1746.4
22.061,34.468,49.332,77.933,103.77,1675.7
19.662,39.078,50.494,82.009,108.16,1744.9
21.222,27.584,50.41,79.977,103.13,1655.2
19.932,38.881,55.979,87.631,103.41,1769.7
19.379,27.65,61.443,83.716,105.1,1728.9
22.848,36.113,58.477,89.698,112.6,1888.7
20.897,27.327,65.968,85.567,114.13,1849.4
21.666,31.391,51.725,86.577,109.35,1781.1
23.388,21.714,52.156,84.714,102.81,1691.8
24.598,37.532,56.549,90.187,114.52,1923.8
25.727,33.276,54.627,83.33,113.79,1854.5
19.317,25.246,54.73,76.618,119.85,1765.1
21.648,32.043,46.961,79.388,109.14,1709.3
16.625,29.064,47.287,80.705,112.49,1697
23.685,35.374,42.768,85.469,110.46,1780.9
27.288,33.407,60.71,77.258,116.71,1877
10.963,28.249,45.552,79.17,104.11,1571.4
20.488,31.602,49.982,73.833,105.44,1637.1
25.683,34.995,53.847,89.794,105.54,1834.9
28.184,25.056,50.199,86.014,114.75,1860.1
25.465,35.454,54.74,77.721,117.34,1849.5
26.168,34.929,58.876,89.483,99.175,1803.8
24.683,25.282,62.709,81.591,116.03,1851.2
12.295,23.679,51.541,83.863,101.15,1593.7
18.104,33.581,51.409,82.256,104.15,1682.5
25.415,32.323,64.33,86.352,118.8,1951.7
30.666,28.632,61.613,80.747,104.68,1826.2
18.138,36.778,54.743,81.607,108.19,1738.4
25.252,34.778,55.87,82.584,104.9,1779
11.556,24.826,57.878,80.181,120.57,1758.5
18.442,28.684,40.741,93.082,99.836,1665.9
26.742,24.555,44.615,82.114,113.15,1776.5
13.97,22.04,45.2,85.567,114.23,1694.9
18.934,32.635,51.194,80.149,97.251,1610
26.06,30.568,59.811,82.632,106.21,1798.7
16.722,39.957,63.55,85.177,101.16,1742.6
22.052,36.15,56.25,94.239,106.96,1857.8
20.383,14.975,63.034,97.071,117.6,1899.4
23.143,37.288,55.063,79.435,106.78,1756.9
15.766,32.003,48.755,79.663,109.69,1677.1
25.444,23.274,58.16,77.121,115.15,1792.4
30.597,48.999,50.376,93.228,116.27,2050.3
26.576,32.364,57.523,85.042,119.87,1936.4
12.002,17.963,62.326,77.386,115.74,1690.2
31.779,27.729,53.3,80.521,106.13,1814.2
21.215,43.096,50.271,86.604,110.82,1829.7
23.117,25.808,57.684,95.271,119.45,1947.4
18.877,28.105,46.497,79.645,102.9,1617.3
30.134,33.856,61.215,85.766,109.35,1915.1
15.01,25.986,52.497,78.488,104.65,1612.3
20.809,33.664,53.423,79.397,112.24,1760.9
30.287,42.644,60.042,84.765,98.16,1843.8
14.336,14.657,47.429,76.227,111.3,1583.3
27.587,34.245,55.756,88.427,116.64,1945.5
17.399,30.894,51.796,70.285,114.5,1668.2
28.04,23.806,53.774,89.645,114.24,1890.5
31.6,22.861,58.569,76.01,120.51,1903.5
33.483,24.468,65.208,86.28,111.73,1963.3
25.649,31.669,58.547,95.327,111.74,1934.3
18.205,28.351,51.287,85.465,112.04,1753.4
25.121,29.031,52.893,90.894,105.43,1809
19.04,28.394,61.984,83.303,117.41,1833.2
14.658,21.692,59.058,78.913,109.38,1663.4
20.141,31.776,53.407,85.846,105.26,1735.9
24.946,32.558,43.896,86.232,117.36,1851.7
22.017,30.341,44.899,86.149,107.95,1737.5
23.415,21.843,55.082,76.61,108.89,1696.5
27.345,29.739,56.673,76.998,110.01,1787.9
25.238,24.24,47.866,89.443,114.36,1836.6
18.672,35.034,57.188,78.274,105.62,1699.1
19.171,31.394,60.465,80.441,112.89,1780.1
27.113,24.054,56.686,84.193,117.67,1881.6
27.561,25.165,51.476,80.678,112.77,1802.2
25.202,30.057,55.416,83.189,108.65,1794.6
29.693,33.387,59.026,85.304,106.83,1874
24.316,24.017,59.871,80.498,119.27,1850.5
23.035,26.4,54.982,85.994,113.17,1815.9
29.371,19.521,46.442,71.203,100.97,1610.7
20.78,23.089,50.026,94.236,111.05,1805.1
14.589,33.302,55.335,91.544,110.49,1796
27.391,42.137,61.9,82.223,107.65,1876.5
18.23,28.874,59.667,94.345,108.16,1822.1
28.51,23.026,56.693,80.973,109,1796.1
27.229,36.331,58.845,84.769,108.57,1866.2
18.776,28.243,41.414,79.983,116.52,1715.1
21.503,30.437,49.729,82.463,114.37,1780.3
29.839,33.412,65.093,83.244,109.62,1909
28.176,33.248,60.716,86.974,111.14,1911
25.892,32.005,51.833,91.546,103.24,1810.6
22.992,31.93,55.879,87.863,107.14,1803.2
21.252,34.93,53.199,91.492,105.44,1800.2
15.588,17.425,58.127,86.639,114.19,1746.8
21.649,37.084,50.323,83.958,107.13,1759.3
20.038,29.788,54.728,87.999,103.4,1732.6
13.123,31.297,60.305,81.913,114.64,1764
20.747,34.857,54.454,85.474,114.39,1832.4
21.265,34.79,50.274,79.612,105.98,1704.8
21.693,35.246,48.722,81.339,109.13,1743.8
26.092,32.544,52.858,81.186,118.86,1875.8
17.195,36.313,43.24,81.275,114.26,1732.4
27.026,32.507,59.181,85.333,105.1,1825
20.773,20.319,55.264,80.055,110.04,1702
32.101,30.36,50.818,70.235,109.55,1772
13.619,36.581,48.9,84.241,115.48,1765.5
17.995,32.247,50.333,79.58,99.844,1615.7
19.544,37.39,50.89,85.917,109.69,1780.9
22.707,33.068,50.937,78.854,108.02,1725.8
20.35,37.737,54.704,75.736,109.31,1726
19.055,43.747,61.216,87.915,115.3,1906.2
19.63,32.8,54.701,86.734,114.61,1827.1
23.091,30.741,51.147,89.861,103.84,1766.9
21.596,30.361,59.145,85.392,107.77,1784.3
20.063,27.822,53.974,86.13,110.78,1771.2
28.451,34.323,48.249,88.88,112.4,1892.7
29.597,26.284,53.306,93.208,112.91,1932.1
23.538,27.282,55.74,85.668,114.26,1834.3
23.783,31.084,37.517,84.299,111.6,1744.8
28.333,20.86,57.73,86.927,115.21,1886.7
19.72,29.826,61.005,82.577,98.86,1676.8
25.717,42.476,45.177,77.345,101.66,1704.4
20.702,30.194,49.574,85.513,118.45,1829
20.449,30.929,56.615,96.444,106.46,1836.7
26.234,27.332,54.167,96.417,122.17,2003
26.196,34.517,56.648,79.966,116.32,1869.4
15.368,20.805,52.186,81.069,107.67,1637.8
16.879,18.596,41.446,82.745,113.31,1656.3
25.992,40.091,57.834,92.918,111.97,1952.2
27.589,38.404,58.661,82.048,112.75,1893.3
17.92,35.336,48.039,78.869,104.55,1652.8
20.797,32.916,60.368,77.827,115.51,1802.3
22.634,30.584,54.027,77.418,111.81,1749.7
22.615,41.311,49.696,86.646,114.29,1863.2
18.123,27.059,43.493,80.724,118.58,1736.8
26.178,23.803,51.376,78.736,119.04,1820
18.422,31.407,57.96,86.115,102.78,1719.9
24.011,35.746,56.379,76.103,105.19,1726.7
20.404,33.177,47.2,86.042,105.13,1718.7
14.45,33.378,60.463,90.105,112.35,1821.4
25.752,32.816,58.686,83.983,107.9,1824
20.373,34.667,51.9,92.86,99.041,1741.8
18.286,19.996,51.771,86.765,105.28,1675.2
11.528,24.829,52.827,88.152,117.51,1770.7
26.18,24.493,58.844,93.578,110.12,1886.6
16.907,33.622,58.366,91.907,112.84,1847.4
20.172,42.448,52.716,92.198,110.85,1869.6
18.33,35.429,60.238,82.044,117.76,1841.8
11.003,29.848,47.649,83.826,101.12,1595.2
12.449,31.696,52.785,77.254,99.636,1569.1
17.29,36.26,55.688,79.054,108.63,1718.9
19.709,37.653,53.155,87.18,114.66,1844.2
14.963,29.768,59.574,83.596,110.46,1742.7
20.227,31.29,52.147,79.333,106.71,1693.8
12.505,23.949,47.617,80.11,112.68,1650.6
26.378,26.919,62.567,84.169,109.64,1839.7
15.163,25.597,53.956,79.551,111.35,1682.6
29.521,42.207,58.528,91.652,108.05,1961.5
21.916,37.028,57.727,78.347,112.36,1794.7
18.984,25.181,54.38,75.334,110.42,1671
18.787,33.042,53.95,88.856,109.01,1786.1
20.973,38.814,58.7,88.599,112.95,1877.9
11.028,30.647,46.533,77.838,105.58,1587.7
33.572,25.29,52.012,83.458,117.9,1946
14.354,39.443,55.605,90.258,120.18,1892.7
18.688,31.138,58.213,76.425,104.13,1661.9
30.227,32.552,63.722,80.769,109.94,1889.4
20.987,36.721,52.993,91.545,108.61,1831.5
23.179,27.74,50.167,87.757,110.28,1791.4
24.104,33.178,62.292,84.214,112.99,1867.9
38.461,38.845,64.82,86.906,116.32,2136.6
25.289,31.489,62.776,88.899,106.76,1857
15.153,31.704,50.884,81.79,103.9,1647
18.029,26.787,56.796,85.84,105.83,1718.1
18.589,31.612,56.249,74.085,104.66,1642.2
16.443,35.499,55.793,84.133,108.84,1749.7
23.277,26.878,54.689,77.554,107.55,1708.7
18.692,27.853,51.652,89.13,111.09,1775.6
31.208,29.392,52.372,89.665,109.01,1901.5
22.349,29.033,51.329,83.764,110.18,1763
17.094,27.16,58.72,88.434,103.81,1722.4
31.265,33.874,63.304,93.514,103.5,1945.5
22.733,43.211,43.088,83.088,107.57,1761.3
25.178,21.571,49.489,100.17,113.19,1901.3
24.039,31.48,65.115,77.911,108.49,1787.2
25.152,24.622,51.585,83.222,108.21,1753.8
28.359,22.891,66.495,85.471,112.17,1893.8
20.389,25.32,45.202,85.259,113.26,1743.4
21.083,42.817,49.559,85.804,105.88,1776.5
15.1,23.678,51.349,83.195,119.49,1760.4
18.974,35.371,58.379,80.736,113.94,1796.8
20.41,33.876,59.273,83.86,111.49,1808.6
18.619,30.495,52.721,85.656,112.89,1779.3
23.175,35.213,56.217,75.628,110.46,1757.1
18.241,30.832,47.754,76.525,113.52,1695.6
21.247,30.397,49.374,78.861,119.44,1793
27.465,30.929,50.124,89.676,103.45,1805.1
10.955,30.631,67.801,88.486,113.97,1823.7
17.879,34.504,48.811,83.979,106.15,1703.7
19.612,39.375,56.856,89.171,113.82,1872.7
23.085,39.053,52.685,86.717,106.25,1802.9
27.16,24.6,47.752,78.392,110.75,1746.2
26.476,24.617,63.844,85.561,103.91,1798.4
24.172,33.499,52.898,88.356,108.6,1825
14.956,30.684,56.684,80.547,111.63,1722
18.156,34.992,55.017,79.181,108.88,1720.7
19.489,36.503,49.539,73.393,111.04,1690.6
12.703,18.796,56.186,83.732,114.7,1710.1
12.956,33.958,61.064,86.658,111.13,1781.7
31.003,33.956,58.529,89.834,112.9,1976
12.581,28.763,59.609,81.346,105.57,1666.9
22.045,30.297,57.961,76.72,99.686,1650.4
31.187,22.345,47.626,86.599,118.06,1909
15.788,26.569,56.003,91.986,111.06,1788.1
16.791,25.915,50.679,88.207,106.17,1701.2
23.829,24.726,55.924,90.114,106.8,1797.1
15.389,35.456,55.487,79.533,109.37,1711.8
24.777,23.544,55.388,81.256,104.02,1710.9
33.056,34.244,59.395,91.601,114.47,2034.6
20.919,30.769,46.525,74.954,113.47,1700.3
21.778,38.709,48.841,87.172,103.21,1751.2
35.231,27.29,57.833,86.803,113.73,1990.5
31.315,26.331,59.923,77.073,109.93,1836.4
6.686,27.339,50.02,86.545,113.41,1703.9
22.228,28.286,51.245,84.677,102.61,1700.8
23.757,26.681,46.899,81.406,103.41,1674.2
29.116,31.897,58.653,75.661,118.57,1888.4
18.537,34.746,52.344,91.636,112.94,1838.4
19.311,36.631,51.054,92.691,99.107,1736.5
19.863,31.524,54.134,93.45,110.37,1835.2
18.049,31.758,58.275,83.774,105.25,1723.4
21.761,32.478,46.67,84.363,101.1,1679.1
27.722,39.777,49.569,77.605,113.34,1835.5
16.225,32.054,45.808,80.222,104.32,1626.8
18.022,18.992,51.636,87.784,117.61,1781.4
14.682,38.263,51.203,74.941,108.67,1661
18.883,33.855,48.687,85.46,104.04,1701.3
20.915,30.063,57.839,81.904,107.67,1745.2
23.012,29.583,57.98,84.243,118.04,1868.9
8.4159,34.716,51.123,83.844,116.85,1752
28.656,34.247,45.653,87.156,110.66,1856.8
16.322,27.126,56.501,74.92,107.81,1642.2
30.911,26.77,62.779,85.628,111.2,1918.4
19.255,23.754,56.813,85.266,109.26,1740.9
20.617,27.446,52.4,79.822,113.04,1740.8
27.833,28.269,58.653,81.615,105.35,1790.2
17.591,27.756,57.486,78.001,107.97,1681.8
24.546,31.233,53.219,78.582,110.19,1762.6
8.7143,18.297,63.706,84.138,111.38,1695.5
12.379,26.748,70.817,87.034,112.73,1806.4
24.633,28.172,55.965,86.719,114.14,1856.4
14.676,28.143,59.057,94.054,115.53,1852.9
15.712,41.473,61.249,81.164,113.33,1806.6
19.383,35.802,59.154,74.918,105.49,1689.8
19.355,25.365,59.499,76.855,101.39,1629.6
27.545,27.919,46.586,87.774,105.54,1783.7
24.376,29.886,51.542,89.977,109.84,1829.9
19.413,23.166,58.063,77.892,114.16,1732.2
20.922,34.889,40.813,78.939,108.86,1683.3
24.769,42.675,51.726,83.237,104.06,1785.6
33.034,22.924,54.261,76.222,113.31,1845.8
19.473,20.27,58.086,78.071,118.44,1759.3
26.805,41.596,55.696,79.997,111.58,1859.7
21.412,25.658,58.525,80.843,116.33,1801.2
18.052,25.624,60.894,72.845,102.25,1603.8
19.033,32.061,60.009,81.657,117.56,1828.6
22.048,33.512,49.337,85.473,120.79,1872.6
24.684,27.54,58.096,87.135,109.81,1829.3
29.221,24.983,52.699,84.577,109.68,1828.6
27.143,31.347,57.899,82.204,105.51,1797
21.204,26.348,49.869,83.669,116.49,1789.2
23.207,35.802,44.246,89.641,103.98,1759.4
18.161,35.973,59.741,87.229,122.75,1921.4
22.291,18.315,43.988,79.717,112.46,1680.3
17.209,24.498,55.002,84.114,112.65,1741.2
28.344,22.739,42.634,93.22,105.3,1795
22.25,42.768,58.166,81.825,111.46,1840
14.977,31.993,61.911,88.342,109.41,1787.1
27.014,21.269,50.368,86.376,106.76,1767
21.123,34.317,56.61,83.95,102.63,1730.8
19.934,37.892,58.295,71.72,103.21,1656
26.281,30.215,63.57,79.562,118.37,1896
26.179,32.862,50.591,83.102,104.22,1758.1
13.93,32.841,47.964,78.33,97.393,1551.1
24.892,33.844,58.568,84.579,115.65,1888.9
24.143,29.322,57.744,88.43,110.6,1845.6
17.315,41.399,53.425,91.904,116.15,1888.9
30.429,32.088,59.44,88.48,118.1,1999.4
16.901,29.531,51.307,98.756,107.59,1808.7
30.511,35.265,52.273,90.35,110.1,1929.4
11.599,29.854,61.284,80.963,111.62,1721.7
23.222,32.689,53.065,83.32,111.12,1797.4
20.97,31.014,58.12,75.09,117.94,1787.8
23.447,31.391,51.731,87.27,113.2,1836
16.213,34.427,60.125,93.28,115.97,1889.8
15.541,34.598,59.779,79.473,101.64,1660.4
29.74,33.765,48.676,86.046,102.16,1799.8
15.556,30.139,61.071,80.723,113.94,1762.4
15.746,24.227,56.544,79.12,111.7,1691.3
29.395,34.559,52.996,88.141,114.3,1935
26.243,40.983,51.046,80.212,121.17,1915.5
29.015,33.62,52.711,67.139,99.844,1647.2
30.742,29.208,56.918,83.179,115.42,1919.9
16.354,33.471,48.496,84.18,115.98,1772.7
10.804,24.724,65.076,90.621,116.71,1828
27.938,34.173,57.494,91.742,110.34,1927.2
17.543,19.022,51.328,85.132,109.16,1685.1
23.549,19.95,52.891,88.681,107.87,1761.9
25.097,26.462,52.976,76.126,106.99,1703.3
21.469,33.376,61.723,77.816,108.74,1757.7
15.675,35.629,45.34,87.976,114.83,1782.1
8.7279,33.469,55.452,74.007,114.88,1676.4
27.417,41.574,55.072,90.839,111.3,1941.7
24.862,29.818,51.437,88.504,98.869,1729.8
29.055,28.447,60.554,82.568,108.97,1851.1
21.931,32.015,54.435,81.828,113.99,1801.5
25.138,29.42,55.165,83.388,104.18,1753.7
24.149,33.933,57.35,83.225,102.56,1755.1
15.35,41.228,60.485,78.666,108.19,1737.8
29.295,28.811,59.784,89.816,108.83,1904.6
21.68,32.864,62.635,82.249,114.13,1840.1
15.224,37.471,64.738,77.613,109.19,1740.3
22.995,29.408,49.615,86.47,109.58,1778.4
28.635,28.401,56.709,82.121,114.18,1871.4
23.142,19.172,52.866,88.301,114.05,1804.7
21.491,26.03,59.222,87.796,114.57,1842.5
29.026,19.468,60.934,85.419,106.84,1820.1
23.85,29.16,41.014,77.111,111.77,1700.6
26.779,38.922,52.694,89.418,110.56,1897.6
27.502,38.487,57.31,89.288,111.05,1926.1
14.645,32.015,54.448,74.585,105.17,1617.1
26.024,39.111,49.3,90.066,104.21,1827
27.083,23.684,47.118,86.23,110.36,1793.7
18.603,27.73,47.595,93.055,109.81,1776.1
24.332,30.374,42.367,84.744,98.344,1657.6
19.288,28.639,50.759,83.706,112.69,1753.4
17.968,28.293,56.984,85.467,115.83,1806.8
21.07,22.956,50.858,78.202,112.76,1706.6
24.054,30.82,51.053,86.669,103.89,1753.2
18.502,34.585,64.134,82.305,110.35,1794.3
15.673,16.968,56.313,79.214,112.58,1669.8
25.799,24.576,52.294,82.971,108.15,1761
16.958,29.145,57.794,78.384,100.59,1623.8
24.295,34.025,58.828,89.002,116.14,1921.4
27.667,24.109,53.992,84.582,107.67,1794.8
19.648,32.402,59.691,78.351,113.74,1776.6
26.24,31.284,60.625,84.063,111.47,1862.2
16.98,25.018,60.303,87.946,113.72,1800.5
32.149,34.398,50.9,78.219,101.47,1778.7
18.985,20.925,57.136,82.666,109.96,1715.7
32.941,29.747,50.048,79.651,114.46,1889.3
30.76,23.362,58.076,81.26,113.26,1869.4
16.421,33.615,60.427,88.418,110.89,1810
23.024,29.577,59.707,91.411,111.32,1871.6
19.131,32.32,61.306,83.055,104.06,1730.9
23.011,36.431,54.713,87.157,107.32,1812.5
18.912,22.863,49.741,75.709,111.24,1652.3
17.284,23.199,67.449,80.242,115.21,1780.4
19.901,34.674,45.212,82.439,115.96,1778.1
20.503,30.238,47.403,96.484,106.33,1796.2
18.56,40.406,60.883,83.026,109.68,1804
26.094,38.479,55.663,87.572,115.82,1931.6
18.265,42.295,62.341,84.193,102.41,1761.6
24,28.926,58.514,83.72,109.44,1801
11.698,24.803,44.11,82.182,113.04,1653.9
13.454,27.268,57.724,92.27,112.94,1801.7
24.57,41.945,59.426,79.337,116.32,1887.7
20.869,37.508,62.959,83.137,107.32,1800.8
14.26,27.93,54.913,75.776,115.86,1700.6
18.397,29.264,51.604,82.163,112.75,1741.3
18.906,28.98,54.345,82.927,118.62,1811.1
23.817,35.89,51.876,93.651,105.81,1841.9
12.922,31.918,55.941,85.703,112.88,1760.6
17.861,26.238,49.887,83.183,117.11,1763.2
25.116,27.726,55.952,80.202,104.69,1731
19.596,29.807,57.884,84.137,110.35,1772.6
22.31,25.645,56.917,85.083,104.79,1735.7
15.79,23.903,73.196,84.665,113.72,1816
21.923,29.739,61.249,85.809,104.87,1771.8
24.101,40.229,68.718,92.732,113.48,1988.6
20.346,23.548,54.589,90.595,99.901,1699.6
16.959,34.936,56.177,82.289,111.11,1758.3
20.393,41.916,45.756,74.173,112.12,1718.9
23.766,29.252,66.542,93.091,113.7,1938
29.44,26.588,45.309,82.056,108.26,1776.9
19.844,35.916,53.746,88.271,121.76,1909.6
29.34,32.21,61.555,88.634,107.83,1908.3
12.562,31.084,52.247,85.715,113.17,1743.1
21.454,43.622,63.944,81.171,106.14,1809.3
14.438,42.4,58.528,74.15,108.61,1699
28.585,28.4,58.945,88.944,115,1937.2
22.274,28.67,58.554,82.675,112.56,1802.4
21.705,17.737,47.165,83.691,118.6,1767.3
26.991,33.81,56.415,94.469,99.499,1838.1
20.475,38.142,54.809,85.345,115.1,1849.4
17.076,27.101,57.563,87.355,110.31,1764.7
16.235,17.7,44.981,80.937,101.83,1551.5
29.717,38.21,52.96,76.251,118.75,1903.3
19.21,29.314,55.395,85.282,106.14,1730
24.077,25.451,57.486,84.135,106.84,1764.9
22.418,27.35,49.895,88.922,100.72,1708.7
23.712,24.499,65.325,78.31,115.17,1817.4
24.196,17.838,60.246,85.069,106.5,1751.6
13.578,27.137,52.174,80.125,115.5,1711.5
11.606,39.447,56.122,95.978,105.48,1796.8
16.492,28.614,51.643,86.7,110.92,1742.9
23.437,29.756,55.074,83.431,115.73,1836.2
20.13,31.878,61.147,97.55,112.15,1912.7
13.453,23.073,62.489,82.01,109.12,1696.2
24.213,30.318,55.409,73.673,117.64,1791.7
18.527,32.045,51.097,84.37,100.26,1660.9
33.997,32.406,57.484,79.183,101.95,1834.5
20.651,32.992,54.097,88.001,107.42,1782.1
27.96,24.434,50.408,74.934,115.09,1777
26.995,31.11,56.82,95.24,115.07,1967.7
19.263,19.068,55.472,85.112,111.66,1736.5
15.568,35.926,53.525,82.968,111.94,1754
23.721,25.578,50.072,69.004,115.85,1697
21.31,41.044,55.29,86.676,110.34,1839.3
15.303,27.482,65.46,87.325,105.94,1748.7
16.067,35.144,48.687,78.24,110.57,1688.1
31.944,32.439,54.805,83.872,106.48,1868.6
22.441,23.184,58.609,78.479,118.6,1803.2
24.913,30.51,48.835,87.575,109.43,1805.7
14.546,34.132,51.784,95.619,122.33,1915.6
29.368,29.613,61.112,79.318,105.89,1811.4
22.162,29.738,65.937,75.379,111.94,1776.2
12.73,24.946,65.524,88.623,110.85,1775.5
30.524,34.233,40.529,73.506,105,1710
23.6,37.178,51.286,83.821,103.71,1751.8
16.54,38.465,56.004,89.785,125.43,1946
22.877,41.431,53.776,89.485,108.14,1851.2
15.666,19.491,57.675,80.476,102.92,1612
23.896,27.534,47.755,88.913,111.57,1807.4
20.856,33.347,51.535,80.309,112.01,1757.2
20.354,33.835,47.029,85.884,101.78,1690.5
27.755,23.002,58.829,79.556,104.15,1744
15.878,31.979,52.51,79.046,111.98,1708
22.683,22.763,62.48,73.863,108.91,1702.9
17.936,33.808,54.414,85.943,119.86,1855.5
20.406,20.246,57.448,81.54,105.19,1677
25.957,29.371,47.999,77.547,116.67,1796.7
24.303,29.604,58.189,76.946,109.9,1759.3
24.793,34.424,59.228,83.728,112.21,1857.2
25.031,41.544,55.013,79.358,117.64,1884.4
14.565,33.423,46.74,93.343,103.75,1717.3
29.437,25.919,55.304,89.131,112.78,1905.6
18.98,30.068,53.727,87.308,107,1746.6
8.1503,30.335,58.485,79.723,100.99,1598.2
21.627,23.028,59.151,99.966,112.05,1900.1
19.157,32.406,50.617,84.017,109.18,1738.9
28.312,32.936,53.056,87.949,112.49,1899
28.819,27.846,54.528,72.274,108.95,1745.2
20.106,33.215,53.469,80.057,108.01,1722.1
26.498,27.807,54.848,86.682,115.68,1883.3
29.172,30.149,64.174,82.333,105.85,1845.5
20.121,16.915,49.93,78.023,98.332,1546.7
31.571,28.539,55.217,85.109,119.95,1974.1
19.48,29.749,58.553,83.13,115.45,1810.2
19.583,20.98,50.514,92.041,116.23,1816.6
12.449,30.494,43.214,78.335,114.82,1663.1
20.107,33.782,47.925,85.415,100.71,1679.2
25.545,33.561,59.215,81.415,105.17,1784.6
26.076,41.418,58.534,84.244,112.04,1897.7
18.068,31.229,49.019,82.263,120.8,1805.4
28.631,33.551,48.923,96.847,109.9,1932.1
24.143,35.199,49.644,90.303,106.35,1813.3
27.288,38.083,53.381,87.309,96.646,1768.7
14.279,20.563,42.998,89.667,117.41,1739.4
19.042,22.525,51.403,83.562,109.79,1704.3
34.447,29.444,51.786,89.088,103.16,1889.7
15.874,28.218,59.307,74.4,113.54,1699.8
20.004,27.559,57.22,81.636,121.33,1839.7
21.049,27.482,63.24,79.121,109.88,1756.5
6.7625,28.923,50.638,87.568,107.03,1666
17.618,34.329,44.652,84.442,107.71,1700.9
28.153,28.75,48.187,81.469,117.41,1855.2
23.679,38.415,46.63,83.243,107.08,1763.1
21.903,34.195,54.401,86.683,114.26,1847.8
17.98,33.374,54.558,83.8,114.35,1791.9
21.894,32.146,61.436,87.401,109.14,1829.8
19.609,33.931,52.195,90.002,115.31,1851.4
17.254,23.456,50.421,84.934,115.61,1750.1
20.119,36.688,48.972,97.014,114.9,1901.6
33.913,36.008,65.923,83.637,113.23,2010.6
18.412,25.085,53.117,84.012,121.29,1817.7
21.12,24.61,53.836,89.964,111.15,1798.6
32.642,39.264,51.058,85.869,103.6,1879.8
25.036,22.909,62.752,96.937,111.9,1923.9
19.323,31.133,50.541,81.298,100.6,1641.6
27.121,36.43,56.552,84.027,101.64,1791.6
23.686,38.999,60.171,89.538,112.36,1911.8
21.279,22.45,53.772,90.404,113.38,1813.7
29.084,40.885,57.403,87.568,114.19,1968.7
18.607,30.899,61.215,83.899,113.94,1811.3
19.571,24.023,48.76,84.803,101.85,1645.2
35.788,32.723,62.315,85.187,116.16,2047
24.307,34.626,61.58,87.023,107.81,1849.3
17.548,32.877,46.423,86.294,108.83,1725.1
20.731,31.104,52.115,82.522,105.36,1709.4
18.884,32.965,59.183,90.796,116.3,1884.4
20.854,36.091,53.11,80.867,112.06,1778.9
15.978,29.933,51.228,93.699,106.81,1759.5
20.293,37.381,45.968,73.975,112.51,1703.1
26.602,40.913,53.096,88.244,99.731,1804.1
30.75,32.604,59.344,82.611,110.45,1896.6
23.382,27.72,59.339,78.735,121.54,1859.9
27.661,22.28,53.509,86.168,110.16,1818.6
23.292,28.623,56.074,86.158,111.37,1817.4
21.364,33.715,55.763,82.039,106.5,1746
24.835,37.062,56.624,84.532,114.74,1884.9
9.1603,25.572,47.437,72.947,110.73,1571.4
13.873,28.786,55.142,80.085,112.9,1709.2
20.339,32.584,56.844,86.907,115.17,1847
19.199,40.157,58.948,91.224,104.16,1813.6
23.634,38.123,45.578,87.649,120.19,1901.6
22.811,35.036,53.722,91.447,108.65,1844.2
19.557,28.585,45.338,95.678,105.75,1762.7
20.743,33.014,52.072,83.054,101.05,1684
13.229,33.465,52.337,89.532,113.84,1790.2
28.189,31.199,52.95,82.446,107.3,1805.5
21.309,27.323,58.325,83.027,124.3,1890.1
21.772,30.315,49.989,84.999,109.61,1761.5
27.102,31.035,55.896,88.777,113.03,1899.8
13.29,33.679,41.377,79.546,113.13,1667.2
25.846,22.734,43.078,92.215,114.07,1835.8
27.512,25.253,55.482,85.048,118.16,1896.4
29.167,32.506,47.185,79.807,107.5,1781.2
18.967,34.293,56.025,83.858,106.43,1742
24.335,37.971,50.859,90.022,105.21,1819.2
23.24,40.509,39.871,83.278,114.61,1804
21.582,22.755,55.955,81.595,106.79,1705.2
30.49,24.606,49.045,83.189,113.18,1847.8
12.225,31.327,55.607,81.282,119.14,1774
25.703,29.504,57.805,81.817,103.48,1753.3
23.779,33.282,51.346,90.172,104.87,1795.5
34.452,30.472,57.647,80.227,112.84,1934.7
25.296,43.238,49.951,86.895,112,1880.9
23.075,26.34,50.713,85.77,108.37,1756.2
22.588,33.653,51.772,88.927,110.81,1828.5
25.192,29.236,60.697,81.236,105.6,1772.3
32.592,33.76,59.496,77.711,110.63,1891.5
22.493,28.348,51.51,85.649,108.66,1763.3
26.015,17.946,55.184,93.922,104.79,1801.4
23.114,35.676,52.711,79.607,115.62,1817.5
14.823,29.657,52.091,88.331,109.62,1738.9
19.736,32.09,57.513,92.685,104.35,1793.1
20.346,39.261,56.839,89.111,108.84,1835.3
23.311,30.482,47.034,77.764,101.33,1640.6
17.898,31.747,54.077,81.919,103.98,1680.7
19.799,17.856,43.542,86.546,108.77,1673.7
25.113,41.073,50.162,84.137,120.26,1921.4
23.86,28.124,51.221,83.479,107.91,1752.1
26.227,24.649,58.321,88.97,111.42,1862.6
30.71,25.556,56.861,91.931,108.58,1911.4
29.612,25.733,55.834,82.918,113.75,1871.5
25.718,37.097,60.461,72.627,103.68,1727.7
16.141,28.009,55.805,83.252,111.27,1732.5
34.435,29.511,49.725,82.166,115.02,1931.4
22.135,46.131,56.684,82.473,108.97,1829.6
15.864,24.156,53.818,73.157,112.13,1640.4
13.889,15.892,53.034,79.774,104.89,1579.8
19.319,29.306,52.62,84.306,109.28,1739.2
21.038,28.055,52.595,89.706,107.9,1776.8
24.353,34.099,56.706,88.592,108.38,1844.4
20.866,24.568,59.074,83.819,109.44,1757.5
24.478,32.721,52.873,99.52,111.7,1933.8
17.993,37.242,42.168,76.592,105.06,1624.5
25.914,34.311,52.281,84.832,98.417,1731
30.225,33.221,52.626,84.058,110.84,1879
29.935,32.055,62.395,80.748,115.19,1923.1
16.699,43.478,44.549,89.579,115.67,1835.5
28.117,26.902,52.732,83.721,103.56,1764.5
20.318,31.104,53.305,93.313,106.18,1797.3
22.984,32.082,61.464,71.675,107.74,1711.9
27.961,23.032,51.823,94.007,119.72,1957.6
22.353,31.138,57.647,83.79,107.98,1778.2
22.597,27.403,48.495,83.534,101.14,1668.6
27.394,37.085,54.941,83.855,113.1,1887.1
28.485,37.744,58.542,82.927,111.69,1898.2
27.373,32.4,42.233,81.566,111.55,1786.9
20.555,41.282,54.448,82.195,106.84,1767.2
30.189,22.913,63.714,79.31,114.24,1877.2
28.32,36.825,58.106,83.797,116.75,1940.5
23.957,38.692,52.526,90.339,115.58,1915.7
14.491,32.326,55.659,89.442,109.55,1769.3
25.604,28.157,60.634,90.041,121.37,1971.7
23.738,19.071,61.074,81.743,106.51,1730.7
30.746,40.394,64.738,80.118,111.92,1942.9
15.171,31.3,58.764,73.856,113.69,1702.3
23.162,31.659,60.276,81.147,108.73,1785.5
25.408,21.613,54.945,85.726,110.24,1794.2
33.729,27.522,48.918,82.773,107.74,1852.7
21.672,32.381,58.116,74.18,115.1,1768.5
20.935,25.571,45.441,79.772,106.31,1650.3
18.181,30.69,45.66,86.394,116.75,1786.5
16.505,41.603,49.929,72.951,110.45,1681.3
20.823,23.241,41.186,76.419,110.3,1632.2
23.172,37.025,54.699,84.803,107.22,1798.1
25.834,29.949,58.657,85.599,110.41,1846.9
17.654,36.058,62.299,75.667,105.9,1699.3
18.286,29.176,65.27,84.326,110.96,1796.3
24.661,31.706,64.376,81.337,111.54,1842.7
15.15,33.593,51.183,86.862,111.53,1758.1
14.653,40.257,59.55,91.878,104.29,1790.2
17.709,29.636,53.938,76.753,107.48,1662.1
19.683,38.401,53.503,80.462,100.73,1679.9
14.652,22.256,51.074,87.958,102.77,1643.6
32.067,28.924,49.17,84.193,109.34,1860.5
13.027,38.445,59.1,81.141,110.59,1746.3
25.08,36.49,50.22,84.005,118.31,1885.8
19.973,32.184,53.393,83.389,102.94,1698.1
25.629,32.857,62.612,76.716,105.06,1760.8
19.588,38.368,56.959,76.745,118.71,1818.9
14.894,28.366,56.334,75.953,112.2,1682
24.968,43.433,51.443,83.129,115.19,1883.6
23.287,35.654,55.025,91.686,117.02,1929.6
22.2,30.795,53.645,87.273,113.86,1835.2
26.481,37.917,53.486,99.132,110.94,1968.6
19.326,21.592,54.681,70.73,111,1631.8
15.029,30.414,55.793,90.209,115.37,1821
26.903,39.221,56.994,85.159,112.74,1904.8
18.45,29.135,60.104,84.205,105.15,1726
22.641,28.319,56.546,85.454,107.8,1776.2
14.771,23.473,56.883,83.289,115.03,1742.7
12.543,30.001,46.995,77.443,103.32,1572.3
18.099,35.86,51.706,81.691,114.79,1779.2
20.941,32.645,48.601,90.09,114.66,1838.1
16.312,27.134,58.159,89.895,108.11,1761.9
23.266,27.386,59.715,84.546,113.51,1833.4
21.387,28.22,59.004,87.353,109.86,1805.8
26.762,34.794,61.574,86.466,105.42,1851.7
23.748,33.043,53.144,81.393,114.72,1820.6
25.341,25.092,60.1,84.621,113.79,1850.1
15.176,25.598,60.215,85.539,117.01,1800.5
25.729,26.051,56.51,92.234,108.2,1851.9
26.96,32.843,56.283,94.885,98.913,1831.6
16.255,25.873,54.299,80.254,107.35,1663.4
24.297,23.948,48.386,83.211,108.3,1730.1
32.769,33.249,57.076,84.957,95.881,1809.8
16.12,23.175,48.039,88.154,110.55,1712.1
23.769,23.941,57.253,85.973,110.61,1800.7
28.186,26.944,52.967,78.371,113.68,1813.2
28.652,28.56,55.491,86.058,102.82,1799.4
29.621,20.668,58.464,85.882,117.58,1917.1
18.816,29.929,54.1,83.275,107.89,1724.1
13.999,30.243,53.013,86.849,109.39,1727
14.603,26.583,53.914,86.707,101.8,1654.2
25.859,25.622,53.605,75.943,97.993,1632.6
22.671,36.411,61.298,72.369,109.47,1745
26.45,25.636,60.106,74.921,106.03,1726.4
16.468,27.891,54.443,82.714,104.08,1663.5
26.834,29.737,59.529,82.281,106.83,1805.6
23.149,25.512,52.627,82.656,109.69,1749.7
22.333,26.675,62.938,85.129,112,1826.2
10.742,43.671,56.985,83.16,101.56,1684.7
16.718,28.459,51.056,78.932,113.09,1702.7
8.1006,26.735,54.02,75.906,116.23,1667.6
21.439,33.153,49.628,75.207,115.05,1742.1
27.261,24.181,60.512,82.637,118.46,1894.5
30.707,33.344,52.183,87.697,115.27,1948.5
21.535,38.831,45.189,86.56,106.71,1759.9
21.634,34.394,61.046,80.082,112.48,1809.1
20.028,31.206,46.181,88.299,107.18,1737.9
25.935,27.437,52.293,83.54,119.11,1871.4
17.628,26.688,57.545,72.969,112.3,1677.8
14.516,31.292,60.702,81.682,112.81,1756.3
19.508,22.103,46.893,79.064,100.41,1575
10.871,33.297,60.789,80.06,113.05,1735.2
12.793,38.436,59.362,86.368,112.79,1803.4
26.629,24.619,46.799,81.836,106.98,1729.7
23.769,30.303,48.444,81.174,112.14,1767.5
30.631,33.028,54.4,85.201,97.569,1785.9
18.967,30.994,54.239,95.261,102.38,1771.6
25.167,31.903,43.908,88.506,113.78,1837.8
15.398,32.882,63.13,81.907,114.56,1794.5
27.436,22.49,52.573,89.546,119.94,1921.4
13.35,30.126,55.807,80.526,116.98,1752.2
22.745,38.799,50.678,89.153,108.55,1828.1
18.935,32.071,53.759,85.65,106.2,1735.2
20.77,39.466,46.582,89.661,111.61,1825.9
33.957,41.918,49.514,93.969,107.47,1995
18.049,24.008,50.891,80.828,110.14,1683.2
22.508,31.834,50.83,86.442,103.52,1736.3
31.923,31.814,51.936,85.372,109.07,1887.4
20.546,39.494,67.393,85.726,112.64,1888.2
25.366,15.642,57.611,89.64,112.52,1829.6
25.127,31.732,57.39,81.798,106.29,1778
18.239,24.09,60.508,82.957,111.71,1753
18.559,36.647,51.396,80.157,114.81,1773.3
19.06,24.527,68.34,79.565,114.88,1794.9
16.566,35.113,56.077,79.436,93.45,1584.2
32.95,33.355,49.714,77.379,108.93,1838.2
13.734,19.799,51.685,82.968,106.58,1626.7
20.182,23.818,43.204,86.364,106.37,1677
28.945,42.339,53.899,83.332,114.03,1925.8
26.189,28.127,44.051,88.496,99.566,1713.4
32.528,30.447,59.594,83.71,106.74,1889.2
23.113,32.488,47.417,87.267,107.41,1770.1
18.301,34.555,54.195,66.387,101.67,1560.8
30.881,37.454,54.309,91.81,104.49,1913.9
16.265,26.175,59.08,82.881,105.81,1690.2
16.209,20.058,47.25,84.61,106.53,1636.9
16.516,34.893,62.26,79.904,111.5,1765.5
21.174,32.603,60.506,89.028,115.61,1888.5
24.557,37.633,51.854,95.83,100.62,1828
26.663,40.693,50.285,74.307,118.29,1847.8
21.504,24.134,52.049,91.496,108.39,1780.8
22.625,31.071,58.039,85.294,113.85,1843.3
35.783,32.481,56.982,96.418,111.5,2067.5
16.496,20.469,58.918,79.161,104.2,1627.6
15.763,32.478,55.626,83.438,113.37,1766
16.189,30.846,53.384,83.433,99.692,1636.8
24.385,50.201,45.657,83.654,98.232,1739.9
25.489,30.508,63.226,88.923,104.27,1836.1
20.766,29.193,49.91,94.271,104.49,1772.6
19.757,35.826,58.294,83.574,117.66,1857.2
26.795,27.05,50.744,84.481,115.17,1846.4
18.474,27.362,56.609,82.018,110.38,1733.5
17.852,27.629,53.465,78.983,117.24,1753.1
28.989,30.696,49.695,87.392,109.05,1851.3
18.093,29.782,59.351,80.61,113.65,1768.6
28.228,28.535,46.213,86.045,117.79,1884.2
27.106,19.193,60.139,76.754,112.44,1776.9
16.645,23.169,53.881,77.966,95.948,1539.6
11.379,25.385,57.711,92.608,119.45,1841.5
23.723,22.388,48.349,90.234,107.97,1767.1
28.096,23.009,50.875,89.274,108.64,1825.8
26.856,28.31,57.897,82.831,104.3,1776.1
28.998,30.561,40.417,72.461,115.65,1759.3
23.996,29.023,43.63,81.882,104.69,1687
19.673,28.834,50.815,81.166,106.33,1684.6
16.706,31.652,48.88,76.336,106.98,1634.9
7.6232,35.804,56.718,75.993,99.756,1572.6
27.852,34.423,45.379,72.697,115.02,1777.3
27.619,27.188,57.389,90.045,111.37,1892
5.032,31.722,54.143,83.968,97.782,1581.4
18.317,33.463,58.169,86.025,118.95,1865.1
12.553,29.497,60.571,65.602,110.71,1601
24.133,30.856,59.285,79.722,104.78,1743.7
34.379,24.899,47.618,89.137,109.57,1909.1
22.285,35.728,57.172,88.007,112.23,1861
21.544,22.727,51.28,80.357,114.72,1744.2
23.171,22.979,64.563,87.164,117.47,1888
18.983,26.842,59.204,82.322,110.26,1747.2
19.379,23.087,59.241,89.247,107.79,1765.9
18.825,34.749,53.78,80.761,98.994,1647.3
14.284,23.933,55.046,69.132,102.41,1521.9
21.552,39.256,57.29,86.361,110.57,1842.2
21.372,33.667,47.372,77.497,105.63,1671
25.09,29.586,57.449,83.671,107.34,1792.3
22.51,30.718,49.039,83.843,106.79,1733.5
14.362,37.503,45.573,85.669,108.67,1712.5
25.316,33.688,55.558,83.086,111.33,1832.7
18.389,42.288,49.647,89.27,108.85,1803.4
22.293,35.595,50.885,88.172,108.61,1805.4
13.251,33.054,48.989,85.441,112.74,1735.6
27.987,15.213,57.143,83.409,119.24,1866.6
16.799,36.907,47.501,81.256,103.43,1656.7
20.767,34.969,44.193,84.883,114.19,1785.4
29.122,39.904,51.697,89.229,107.12,1894.2
22.981,28.546,53.292,84.137,108.89,1766.7
25.636,32.813,53.344,78.517,108.9,1769.2
14.194,21.435,50.166,77.806,105.58,1582.9
21.394,21.48,61.83,80.85,108.73,1733.4
26.815,33.559,47.712,84.331,116.43,1869.4
19.399,28.462,58.05,81.704,97.122,1635.6
25.847,44.288,54.892,85.441,113.63,1914.1
33.336,35.601,48.455,79.222,105.07,1827.9
16.294,35.662,47.088,86.535,116.31,1795.4
20.347,33.644,56.159,84.017,112.35,1803
21.856,37.644,64.342,93.45,109.8,1913
26.901,23.242,48.371,83.611,119.92,1857.2
26.353,33.911,44.285,97.482,110.14,1895.3
23.558,35.176,58.24,82.19,105.05,1771.3
28.173,31.556,52.631,91.504,104.99,1852.6
28.026,26.06,45.167,83.494,117.2,1844.1
31.108,44.062,55.803,77.137,99.313,1796.2
31.278,23.553,48.419,82.916,106.37,1791.2
17.45,26.925,58.618,86.056,109.2,1752
33.385,26.409,58.77,83.755,109.36,1904.5
18.304,33.276,53.058,78.474,104.53,1664.9
13.592,22.372,50.524,86.188,108.45,1670.9
17.204,37.786,46.267,84.582,114.21,1774.4
23.361,37.031,54.047,88.54,110.24,1850.7
18.649,38.801,54.091,84.286,118.24,1853.1
19.07,25.01,52.743,80.332,112.45,1718.5
24.51,26.024,49.529,86.786,109.96,1785.5
15.903,31.326,53.536,78.736,111.72,1705.2
15.624,29.892,62.208,80.062,105.96,1693.6
30.979,30.618,46.916,90.739,106.66,1869.1
21.492,33.31,54.611,81.559,118.1,1836.4
19.35,20.538,51.008,87.469,118.06,1796.8
23.583,27.778,56.591,82.333,109.8,1777.4
13.036,32.08,55.956,92.196,106.27,1753.5
22.766,28.365,64.124,77.592,99.853,1682.5
21.983,29.867,51.243,81.976,110.98,1756
21.946,29.084,54.802,89.214,107.58,1791.6
25.958,37.15,50.021,89.703,110.79,1874.9
15.114,46.643,58.474,86.39,102.87,1761.1
24.902,27.099,49.681,80.646,103.85,1696.9
19.242,31.15,60.427,80.839,112.21,1776.8
22.339,21.537,58.518,82.926,105.34,1715.2
19.369,35.79,60.675,90.934,124.73,1978.2
27.883,30.22,51.851,80.142,109.92,1798.9
28.961,28.2,55.052,80.642,101.66,1750.1
14.104,32.552,60.945,92.492,112.41,1836.2
21.918,32.366,54.474,86.45,104.08,1752.5
17.607,31.983,52.498,73.798,109.01,1655.9
17.995,30.852,50.518,81.235,115.77,1759
19.957,26.458,49.531,83.226,108,1701.9
25.696,28.94,58.608,93.611,103.76,1843.7
23.773,37.275,39.671,76.803,113.15,1735.6
27.444,34.563,52.111,79.75,97.65,1704.3
15.75,29.69,70.117,84.479,107.91,1774.9
33.266,34.566,56.251,78.953,109.88,1893.5
17.782,24.89,61.054,84.055,103.72,1694.9
16.888,37.758,44.251,86.571,100.63,1662.8
21.116,29.587,47.531,75.918,110.29,1681.5
18.98,33.242,52.287,82.951,113.4,1775.5
22.132,27.083,50.213,90.726,106.13,1765.7
12.054,34.096,55.16,79.408,100.72,1611.3
33.699,38.281,61.985,78.072,110.57,1936.8
21.171,31.571,57.097,83.208,107.92,1762.1
23.347,29.886,54.872,82.896,109.66,1779.4
35.335,26.345,58.849,79.701,112.88,1932.7
9.5887,41.053,54.037,75.882,109.89,1674.9
20.47,35.528,55.61,82.167,114.26,1811.8
15.418,28.352,53.243,87.842,108.73,1731
22.283,30.33,62.266,87.564,102.37,1773.2
17.056,24.886,64.392,81.69,103.85,1686.8
27.326,26.473,54.673,82.831,114.93,1851.9
17.682,30.905,57.568,90.752,105.55,1768.6
22.509,22.821,63.257,92.558,105.55,1814
27.639,31.791,55.058,88.024,111.29,1885.1
21.747,25.928,48.876,83.867,118.82,1809.8
21.256,42.735,53.619,82.582,114.81,1846.5
23.297,25.975,49.547,83.938,115.76,1801.7
33.268,24.952,51.516,80.529,112.76,1873
22.488,29.398,56.7,74.444,100.61,1637
11.639,26.735,58.839,80.522,104.09,1632.4
30.963,32.123,50.35,83.095,113.08,1887
16.941,26.41,46.504,88.74,104.4,1676.1
14.529,30.585,46.531,86.335,106.18,1674.1
37.37,28.382,51.407,83.609,114.2,1981.6
12.678,31.676,61.369,77.629,108.68,1684.9
23.013,29.512,52.456,85.841,109.42,1784.5
26.528,31.53,58.985,91.908,107.07,1880.1
29.89,25.109,45.526,82.701,102.79,1735.7
27.81,30.9,52.472,87.555,116.4,1913.2
24.804,33.78,56.698,83.689,108.44,1812.1
15.914,21.755,53.577,86.966,102.34,1648.9
27.642,22.943,54.209,75.284,113.44,1771.4
16.496,28.003,54.764,75.059,109.63,1656.3
14.35,34.692,61.572,81.028,116.29,1797
26.291,37.122,53.723,87.653,110.84,1878.7
24.24,40.207,55.907,85.887,125.25,1987.7
19.057,37.347,55.838,74.474,102.73,1653
30.01,18.021,45.597,78.076,107.01,1711.6
17.674,27.072,55.265,95.25,119.24,1894.1
19.713,27.226,61.719,92.112,116.67,1891.8
23.595,38.642,57.419,81.844,111.91,1837.8
16.975,22.535,54.026,83.484,109.55,1696.8
21.296,33.731,50.694,83.935,115.81,1818.3
21.277,31.671,43.653,85.735,106.59,1716.3
21.515,35.276,40.304,93.616,114.54,1844.9
20.203,25.849,50.061,91.362,111.53,1793.9
20.899,27.992,40.478,93.593,110.03,1773
25.227,36.768,59.464,79.641,107.26,1799.5
19.096,35.182,53.656,76.436,111.99,1729.5
18.142,28.545,45.439,89.275,111.19,1750.8
20.992,23.947,50.486,87.735,103.79,1702.2
22.578,30.961,49.515,83.358,98.797,1665.2
22.507,44.797,54.992,84.159,112.33,1862.1
29.587,27.528,59.592,84.069,105.49,1831.5
24.509,35.053,55.676,77.816,113.83,1812.5
17.432,39.323,54.984,78.326,101.62,1663.8
24.898,24.394,55.671,69.581,105.13,1639.8
29.565,26.458,58.095,94.337,109.22,1928.6
31.587,22.014,50.309,93.362,112.63,1927.4
20.829,26.275,61.674,84.427,116.54,1839.5
20.277,28.452,50.18,88.777,108.31,1758.6
23.43,32.164,57.365,84.933,113.91,1850.4
20.699,24.65,58.965,75.9,102.66,1639.7
23.902,31.953,61.497,81.546,117.98,1880.7
16.082,31.111,52.612,81.774,110.94,1717.6
26.922,32.71,53.588,92.681,115.64,1946
11.913,28.614,53.003,88.029,117.11,1783.8
23.645,29.529,59.3,87.009,114.65,1871.7
28.957,33.907,54.038,85.237,102.29,1807.5
20.806,31.819,56.398,84.395,110.77,1790.1
22.532,25.752,46.994,86.262,111.84,1766.9
27.805,28.166,53.213,81.825,121.93,1910.4
26.78,39.438,56.248,89.18,106.5,1877.7
20.491,21.433,58.253,83.008,114.15,1772.9
19.907,19.911,55.559,81.986,107.77,1689.2
23.117,41.656,55.879,90.359,120.87,1977.9
14.889,33.391,59.152,89.528,106.93,1768.4
20.173,31.658,55.336,91.157,99.031,1729.6
11.552,28.752,52.159,82.101,101.91,1605.8
14.834,29.696,61.736,87.81,114,1811.6
31.002,40.814,56.138,78.383,110.25,1886
19.8,37.039,51.708,68.497,105.77,1622.9
17.245,31.46,55.6,84.933,112.17,1773.1
26.643,18.536,57.281,80.024,109.84,1759.6
19.319,28.623,54.458,76.282,103.46,1635.1
20.772,28.57,58.81,86.436,114.08,1830.2
25.979,35.353,63.997,89.683,104.12,1867.8
28.905,28.446,49.121,84.579,109.8,1824.8
19.781,28.165,53.255,77.48,111.37,1708.4
14.786,26.993,60.152,86.269,117.3,1811.1
19.024,23.348,43.604,82.163,106.63,1638.5
29.28,31.76,50.705,79.492,112.18,1831.5
27.157,25.054,55.413,92.943,106.01,1846
17.365,26.546,53.452,86.569,113.26,1767.4
19.767,35.634,65.664,79.94,120.45,1883.4
21.341,29.833,52.228,90.571,111.68,1823.6
20.736,29.762,55.447,88.16,112.77,1822.5
14.757,31.013,63.496,83.435,120.12,1843.4
25.905,34.666,53.319,87.997,104.62,1812.8
16.25,22.851,55.982,79.826,111.19,1687.9
20.128,36.494,66.494,89.603,105.65,1838.3
22.882,29.843,54.517,79.235,116.17,1801.7
20.933,28.153,61.324,73.535,104.31,1661.6
25.399,31.974,60.372,80.519,107.06,1791
27.237,28.244,58.706,78.353,112.74,1822.4
23.954,31.37,49.934,80.745,115.59,1805.8
21.262,31.422,54.179,62.299,122.73,1722.4
20.501,25.953,52.309,80.578,116.45,1768.3
25.707,31.9,59.284,85.473,109.82,1849.7
24.791,32.79,62.546,81.169,111.26,1837.2
18.68,26.725,63.177,81.543,108.69,1741.4
24.618,29.896,63.179,76.344,100.48,1699.1
16.188,29.186,46.464,82.715,109.24,1678.4
23.949,23.017,57.331,83.82,108.51,1765.4
20.382,25.211,52.475,88.985,112.24,1791.2
24.14,34.531,52.058,85.997,104.83,1775.7
21.844,31.336,52.513,83.658,99.489,1680.1
20.865,22.541,62.253,83.032,108.56,1749.2
22.898,24.903,50.948,80.928,112.39,1748.4
19.311,31.916,56.779,91.168,102.69,1760.7
21.134,41.631,57.236,84.326,108.84,1817.7
37.346,28.979,50.095,82.721,99.148,1843.4
17.344,29.454,47.721,81.57,114.75,1731.1
19.127,28.712,48.929,87.533,108.23,1735.2
24.339,29.391,62.733,97.107,105.68,1890.2
21.022,39.5,52.202,79.229,113.51,1790.2
31.03,40.002,56.412,89.979,108.48,1954.8
25.099,27.583,52.239,88.874,106.82,1797.4
24.374,44.312,56.014,79.376,112.42,1848.1
12.663,20.755,45.269,85.045,116.31,1696.7
17.542,28.949,54.231,80.374,104.58,1661.4
21.805,25.136,61.902,84.298,108.56,1775.7
24.424,40.848,45.618,90.902,103.55,1802.5
23.545,34.65,47.496,87.35,113.09,1832.1
21.638,24.685,63.194,84.287,107.89,1771.8
18.186,36.769,44.35,75.885,108.6,1657.9
26.54,27.531,54.893,85.763,120.41,1916.4
19.124,31.726,46.584,81.145,112.01,1722.5
26.757,34.231,60.992,76.726,94.044,1678.2
16.99,21.855,50.371,84.458,119.44,1770.9
14.553,38.634,56.277,94.153,111.3,1846.6
31.935,28.535,55.022,81.779,116.03,1920.1
21.163,31.099,54.088,90.182,111,1825.8
19.848,33.983,48.072,82.42,114.55,1774.4
19.312,30.378,53.933,84.404,116.59,1811.6
25.649,34.959,59.94,75.297,113.02,1815.8
12.3,27.567,62.751,79.808,110.57,1704.7
20.765,37.364,51.817,75.465,107.56,1699.5
26.692,29.569,55.232,79.314,114.86,1832.5
14.636,21.671,60.19,79.929,122.42,1786.4
25.88,28.324,55.899,85.657,121.75,1926.9
18.539,35.315,43.703,85.129,121.97,1834.6
32.585,33.195,57.769,86.85,113.28,1972.3
25.601,37.391,52.264,92.561,114.43,1933.2
26.15,33.175,57.872,82.714,112.22,1853.9
20.974,30.07,52.479,87.413,103.82,1731.9
17.194,29.49,45.538,78.833,108.05,1644
21.706,34.071,51.105,82.062,110.64,1767.1
11.093,26.973,45.625,86.672,96.526,1558
22.377,30.903,48.517,81.281,103.45,1683.4
32.113,39.078,55.914,85.034,113.03,1965.8
12.029,28.755,50.372,79.73,117.8,1718.9
14.837,29.236,55.783,88.13,101.06,1677.8
28.637,40.997,47.891,79.59,108.68,1819.3
9.3697,36.683,48.428,85.995,115.45,1756.3
24.624,35.145,60.965,86.545,111.15,1877.1
19.365,30.11,49.152,79.673,105.46,1661.8
22.888,31.015,51.82,72.701,105.66,1657.5
14.06,35.303,46.826,78.507,108.43,1652.2
25.238,30.311,52.031,86.103,106.33,1784
14.885,31.963,49.543,87.31,111.71,1748.2
27.227,36.546,66.467,86.519,109.34,1917.5
27.046,43.147,63.33,82.478,115.73,1953.1
20.708,20.268,53.124,85.836,103.03,1675.5
27.352,29.735,54.251,88.429,116.75,1920
13.38,40.653,53.099,84.798,110.71,1760.6
20.28,28.959,56.214,87.701,106.15,1758.7
15.87,26.509,51.9,88.626,103.98,1686.6
19.26,35.392,58.902,75.271,101.8,1657.4
24.693,26.493,46.446,76.563,111.44,1713.9
17.883,24.975,52.089,90.036,119.36,1837.2
24.455,30.38,49.685,73.948,97.018,1597.5
25.829,31.585,55,97.968,108.24,1911.3
16.907,39.873,50.968,78.528,116.66,1775.7
25.059,32.077,52.856,87.296,115.26,1877.3
14.475,31.456,48.311,79.985,113.2,1697.3
17.395,42.858,54.358,93.928,113.31,1889.8
23.162,26.061,52.89,80.745,108.94,1732.5
12.401,27.329,51.68,83.953,113.7,1716.7
28.595,26.328,55.942,88.535,113.04,1897.3
21.061,41.207,54.551,90.064,105.91,1821.9
26.626,38.539,53.008,91.313,118.08,1973.9
15.337,32.801,62.254,82.48,113.88,1788.7
28.497,31.929,53.818,88.46,106.82,1855.8
20.687,29.836,54.631,85.285,116.62,1830.7
11.008,29.009,49.915,86.123,104.83,1649.7
18.656,29.925,56.719,87.169,107.27,1756.9
26.325,31.246,63.296,87.437,113.6,1916.9
19.965,47.101,52.138,93.476,116.91,1944.8
17.445,35.515,62.825,78.09,112.73,1773.9
20.714,28.181,45.736,84.473,112.2,1744.7
15.821,28.618,56.062,80.045,107.36,1676.8
16.706,30.041,49.918,87.464,119.23,1819.5
24.944,30.305,60.36,78.623,103.59,1736
22.888,19.349,58.946,84.485,109.93,1764.3
21.646,42.701,45.673,85.263,107.88,1778.4
25.674,30.445,50.783,86.295,111.26,1827.6
29.969,29.917,64.488,81.74,111.46,1899.2
10.858,34.204,62.327,80.161,110.62,1725
38.747,27.182,50.455,72.019,116.41,1928.3
9.004,37.957,57.931,86.762,117.14,1818.4
13.187,24.763,46.749,85.03,106.61,1638.4
10.286,35.019,51.057,87.039,104.99,1682.8
22.779,40.51,53.482,80.421,107.38,1772
21.454,33.032,54.572,79.34,107.95,1731.8
30.772,38.228,49.316,83.468,114.22,1916.7
24.148,33.104,44.611,91.051,105.99,1787.2
18.212,34.941,57.734,86.616,118.95,1872.7
15.702,23.664,57.926,87.69,108.7,1732.1
24.469,26.074,56.887,83.394,117.52,1854.5
19.819,27.124,59.331,85.88,106,1745.6
27.065,26.725,55.581,82.965,104.47,1765.3
28.166,37.007,50.426,80.472,110.6,1831.2
24.403,25.508,49.728,82.317,109.5,1746.3
19.408,31.969,59.722,91.78,105.21,1799.5
18.598,37.602,56.052,81.387,108.74,1753.6
31.636,24.183,46.089,86.601,110.31,1849.7
30.49,30.874,56.283,82.985,112.33,1892.8
17.453,29.758,39.333,85.855,108.4,1676.6
21.05,27.367,58.914,77.572,114.41,1765.7
23.256,34.204,57.665,76.971,102.55,1702.3
21.446,27.974,48.753,89.794,105.49,1744.6
23.5,20.194,53.838,91.425,107.68,1784.9
31.708,30.659,54.161,91.748,115.05,1987.2
26.401,31.484,60.582,85.927,114.48,1904
22.504,38.785,52.248,83.841,105.37,1765.8
22.058,37.623,55.652,83.027,120.32,1892.3
18.482,27.597,54.855,92.264,106.33,1768.5
18.89,26.463,58.28,89.313,117.94,1858.4
24.232,30.361,45.097,94.581,119.26,1918.5
30.222,37.502,52.009,92.856,105.11,1909.3
27.05,32.096,57.395,81.967,109.2,1826.5
30.482,19.621,51.36,78.747,110.38,1780.9
20.92,27.543,44.877,83.122,107.22,1688
19.681,19.218,67.324,82.649,114.36,1793.4
8.5733,32.707,55.349,81.701,99.337,1596.7
21.997,41.417,56.186,77.192,99.558,1688.6
18.551,39.98,50.08,82.461,109.24,1750.5
25.532,28.429,61.695,83.134,111.13,1837.9
13.308,30.033,55.856,84.281,115.25,1764.7
26.952,42.428,54.595,84.107,109.1,1869.3
26.034,29.58,51.804,84.077,114.17,1840.7
21.645,31.088,59.335,84.371,115.95,1850.6
14.321,41.689,62.988,86.642,118.75,1892.3
24.264,39.038,49.55,89.884,106.58,1828
27.879,36.137,47.048,78.832,119.03,1870.5
25.28,25.171,50.327,88.487,111.29,1817.3
20.687,24.497,55.039,85.162,108.48,1741.1
13.976,32.685,59.221,75.576,110.76,1690
28.156,29.911,48.241,81.93,109.62,1796.9
14.062,26.671,59.589,90.36,110.67,1776.9
6.8806,31.065,50.527,84.341,113.2,1703
17.443,39.073,56.603,86.611,120.75,1893.8
19.55,29.16,48.446,80.579,95.291,1576.7
18.394,32.357,54.848,93.968,111.51,1843.1
19.652,23.238,57.184,76.282,112.01,1700.7
11.151,34.869,50.472,92.994,116.44,1825.2
16.693,32.779,52.21,80.823,109.16,1704.5
18.881,32.08,53.939,89.384,104.75,1750.7
25.232,39.25,53.074,79.553,114.08,1840.8
25.94,22.629,59.956,90.196,117.62,1920.1
20.059,26.214,44.017,84.237,111.43,1716.1
18.714,37.481,51.6,74.259,119.45,1774.7
26.042,24.351,61.977,78.999,112.02,1805.7
22.164,24.085,62.353,78.88,108.81,1738.8
16.744,21.387,62.411,82.77,112.55,1745
14.595,24.147,45.545,89.52,100.74,1622.4
23.255,34.455,56.088,81.621,119.49,1875.6
30.17,39.669,53.193,89.905,109.95,1941.4
16.786,25.615,63.888,82.98,104.98,1704.8
23.914,28.767,54.14,84.76,104.14,1744.3
25.422,34.448,61.994,90.111,108.62,1891.6
19.395,34.195,57.817,85.471,113.76,1826.7
28.875,24.098,59.928,78.154,111.66,1819.7
17.775,35.482,46.609,93.945,108.14,1788.4
24.139,30.513,59.665,90.79,101.03,1793.8
24.691,30.379,50.559,89.047,103.04,1766.3
33.227,31.835,57.767,81.065,107.98,1887.9
24.539,35.77,51.333,88.64,113.44,1874.6
24.136,34.66,52.548,77.438,117.83,1825.8
14.803,20.506,63.916,93.181,108.97,1781.1
23.367,28.445,56.261,86.377,97.082,1698
9.2781,32.3,47.268,82.97,113.39,1694.2
26.683,30.34,49.419,83.483,105.07,1759.1
13.313,28.3,58.481,81.133,108.67,1689.3
21.451,24.507,66.39,80.908,105.76,1739.3
25.414,32.327,50.404,94.502,105.8,1844.7
20.074,37.036,52.896,83.527,112.91,1801.8
19.17,34.279,58.367,90.322,121.56,1929.8
27.196,28.009,63.773,74.825,114.37,1829.4
21.025,33.103,48.843,82.161,112.74,1766.8
38.608,22.516,58.823,86.12,107.85,1972.8
17.136,38.599,62.031,89.487,112.9,1866.1
24.662,23.329,51.535,80.571,103,1679.5
28.657,23.243,56.378,94.993,113.82,1942.1
8.6754,38.959,50.083,83.808,117.44,1770.1
23.744,28.977,52.747,91.02,105.1,1792.2
20.386,39.479,56.686,80.543,115.53,1829.7
25.153,31.84,44.44,72.668,110.08,1691.1
11.716,34.177,57.087,89.459,110.41,1774.6
29.425,38.179,55.036,83.3,107.28,1862.2
33.977,30.933,54.076,90.59,113.18,1994.6
32.126,24.139,43.955,87.41,104.54,1804.3
19.258,39.047,50.554,88.755,106.31,1775.9
14.137,23.788,52.734,81.029,116.16,1716.2
22.059,45.231,50.395,90.91,106.55,1841.5
28.028,37.612,52.902,85.241,108.17,1856.5
20.456,27.134,52.394,96.873,120.07,1924
27.72,32.842,62.619,81.792,100.46,1782.4
26.176,29.961,45.276,82.316,101.92,1699.8
30.285,26.311,55.065,79.31,107.79,1801.6
22.837,24.738,57.514,85.991,115.71,1839.4
12.509,15.719,55.399,85.419,107.8,1647.5
26.875,32.469,50.714,91.624,105.28,1836.8
26.183,35.438,56.838,87.464,111.78,1890.2
15.709,21.796,58.474,91.253,118.28,1835.1